citation_title,sub_experiment,target_normal_tissue_sparing_binary,species,sex,anesthesia_class_simple,oxygen_condition_grouped,tissue_class,endpoint_class,particle_group,beam_type,delivery_mode,pulse_mode,total_dose_Gy,fractionation_regime,num_fractions,dose_per_fraction_Gy,flash_avg_dose_rate_Gy_s,flash_inst_dose_rate_Gy_s,flash_prf_Hz,flash_pulse_width_us,flash_num_pulses,flash_dose_per_pulse_Gy,flash_irradiation_time_s,conv_avg_dose_rate_Gy_s
Decrease in dose per fraction impairs the FLASH sparing effect in murine intestine model,1_fraction_14Gy,0,,female,injectable_dissociative_plus_alpha2_agonist,normoxia_ambient,epithelial,GI_crypt,electron,electron_beam,,,14.0,single_fraction,1.0,14.0,205.0,1100000.0,90.0,1.9,7.0,2.0,0.0667,0.5
Decrease in dose per fraction impairs the FLASH sparing effect in murine intestine model,1_fraction_16Gy,1,,female,injectable_dissociative_plus_alpha2_agonist,normoxia_ambient,epithelial,GI_crypt,electron,electron_beam,,,16.0,single_fraction,1.0,16.0,205.0,1100000.0,90.0,1.9,8.0,2.0,0.0667,0.5
Decrease in dose per fraction impairs the FLASH sparing effect in murine intestine model,1_fraction_17Gy,1,,female,injectable_dissociative_plus_alpha2_agonist,normoxia_ambient,epithelial,GI_crypt,electron,electron_beam,,,17.0,single_fraction,1.0,17.0,205.0,1100000.0,90.0,1.9,8.5,2.0,0.0667,0.5
Decrease in dose per fraction impairs the FLASH sparing effect in murine intestine model,2_fractions_8Gy_per_fraction,0,,female,injectable_dissociative_plus_alpha2_agonist,normoxia_ambient,epithelial,GI_crypt,electron,electron_beam,,,16.0,multi-day_fractionated,2.0,8.0,255.0,1100000.0,90.0,1.79,4.0,2.0,0.074,0.5
Decrease in dose per fraction impairs the FLASH sparing effect in murine intestine model,2_fractions_9Gy_per_fraction,1,,female,injectable_dissociative_plus_alpha2_agonist,normoxia_ambient,epithelial,GI_crypt,electron,electron_beam,,,18.0,multi-day_fractionated,2.0,9.0,255.0,1100000.0,90.0,1.98,4.0,2.25,0.074,0.5
Decrease in dose per fraction impairs the FLASH sparing effect in murine intestine model,2_fractions_10Gy_per_fraction,1,,female,injectable_dissociative_plus_alpha2_agonist,normoxia_ambient,epithelial,GI_crypt,electron,electron_beam,,,20.0,multi-day_fractionated,2.0,10.0,255.0,1100000.0,90.0,1.79,5.0,2.0,0.074,0.5
Decrease in dose per fraction impairs the FLASH sparing effect in murine intestine model,2_fractions_11Gy_per_fraction,0,,female,injectable_dissociative_plus_alpha2_agonist,normoxia_ambient,epithelial,GI_crypt,electron,electron_beam,,,22.0,multi-day_fractionated,2.0,11.0,255.0,1100000.0,90.0,1.942,5.0,2.2,0.074,0.5
Decrease in dose per fraction impairs the FLASH sparing effect in murine intestine model,2_fractions_12Gy_per_fraction,0,,female,injectable_dissociative_plus_alpha2_agonist,normoxia_ambient,epithelial,GI_crypt,electron,electron_beam,,,24.0,multi-day_fractionated,2.0,12.0,255.0,1100000.0,90.0,1.79,6.0,2.0,0.074,0.5
Decrease in dose per fraction impairs the FLASH sparing effect in murine intestine model,2_fractions_13Gy_per_fraction,0,,female,injectable_dissociative_plus_alpha2_agonist,normoxia_ambient,epithelial,GI_crypt,electron,electron_beam,,,26.0,multi-day_fractionated,2.0,13.0,255.0,1100000.0,90.0,1.917,6.0,2.167,0.074,0.5
Decrease in dose per fraction impairs the FLASH sparing effect in murine intestine model,10_fractions_5Gy_per_fraction,0,,female,injectable_dissociative_plus_alpha2_agonist,normoxia_ambient,epithelial,GI_crypt,electron,electron_beam,,,50.0,multi-day_fractionated,10.0,5.0,450.0,1100000.0,90.0,2.24,2.0,2.5,0.1111111111111111,0.5
Decrease in dose per fraction impairs the FLASH sparing effect in murine intestine model,10_fractions_5.5Gy_per_fraction,0,,female,injectable_dissociative_plus_alpha2_agonist,normoxia_ambient,epithelial,GI_crypt,electron,electron_beam,,,55.0,multi-day_fractionated,10.0,5.5,495.0,1100000.0,90.0,2.48,2.0,2.75,0.1111111111111111,0.5
Decrease in dose per fraction impairs the FLASH sparing effect in murine intestine model,10_fractions_6Gy_per_fraction,0,,female,injectable_dissociative_plus_alpha2_agonist,normoxia_ambient,epithelial,GI_crypt,electron,electron_beam,,,60.0,multi-day_fractionated,10.0,6.0,540.0,1100000.0,90.0,2.72,2.0,3.0,0.1111111111111111,0.5
Decrease in dose per fraction impairs the FLASH sparing effect in murine intestine model,10_fractions_6.5Gy_per_fraction,0,,female,injectable_dissociative_plus_alpha2_agonist,normoxia_ambient,epithelial,GI_crypt,electron,electron_beam,,,65.0,multi-day_fractionated,10.0,6.5,585.0,1100000.0,90.0,2.96,2.0,3.25,0.1111111111111111,0.5
Decrease in dose per fraction impairs the FLASH sparing effect in murine intestine model,10_fractions_7Gy_per_fraction,0,,female,injectable_dissociative_plus_alpha2_agonist,normoxia_ambient,epithelial,GI_crypt,electron,electron_beam,,,70.0,multi-day_fractionated,10.0,7.0,630.0,1100000.0,90.0,3.2,2.0,3.5,0.1111111111111111,0.5
"Design, Implementation, and in Vivo Validation of a Novel Proton FLASH Radiation Therapy System",whole_abdomen_15Gy_crypt_regeneration,1,,female,isoflurane,normoxia_ambient,epithelial,GI_crypt,proton,proton_cyclotron,other,,15.0,single_fraction,1.0,15.0,94.0,,,,,,,1.0
"Design, Implementation, and in Vivo Validation of a Novel Proton FLASH Radiation Therapy System",focal_intestine_fibrosis_18Gy,1,,female,isoflurane,normoxia_ambient,epithelial,GI_crypt,proton,proton_cyclotron,other,,18.0,single_fraction,1.0,18.0,63.0,,,,,,,0.71
Differential impact of FLASH and conventional radiotherapy on a pivotal metabolic organ: White Adipose Tissue,Scabia_2026_WAT_FLASH_33.3Gy_iscWAT,1,mouse,male,injectable_dissociative_plus_alpha2_agonist,normoxia_ambient,white_adipose_tissue_WAT,other,electron,pulsed_electron,localized_limb_uhdr,pulsed,33.3,single_fraction,1.0,33.3,240.0,1187500.0,240.0,4.0,7.0,1.0,0.1387499999999999,
Dosimetric and biologic intercomparison between electron and proton FLASH beams,normal_brain_10Gy_eFLASH_5p5e6Gy_s_vs_eCONV,1,,female,isoflurane,normoxia_ambient,neural,neuro,electron,electron_beam,,,10.0,single_fraction,1.0,10.0,5500000.0,5500000.0,550000.0,1.8,1.0,10.0,1.8e-06,0.1
Dosimetric and biologic intercomparison between electron and proton FLASH beams,normal_brain_10Gy_eFLASH_110Gy_s_vs_eCONV,1,,female,isoflurane,normoxia_ambient,neural,neuro,electron,electron_beam,,,10.0,single_fraction,1.0,10.0,110.0,555555.6,100.0,1.8,10.0,1.0,0.09,0.1
Dosimetric and biologic intercomparison between electron and proton FLASH beams,normal_brain_10Gy_pFLASH_110Gy_s_vs_pCONV,1,,female,isoflurane,normoxia_ambient,neural,neuro,proton,proton_cyclotron,,,10.0,single_fraction,1.0,10.0,110.0,,,0.0008,,,0.09,0.1
Early microglial activation in the TME enables FLASH-RT to eradicate medulloblastoma while promoting neuron-astrocyte crosstalk to minimize toxicity in the hippocampus,Medulloblastoma_FLASH_3x10Gy_eRT6_orthotopic,1,mouse,female,not_reported,not_reported,CNS_brain,neuro,electron,pulsed_electron_single_pulse_per_fraction,whole_brain_pulsed_electron,single_pulse_per_fraction,30.0,multi-day_fractionated,3.0,10.0,5500000.0,5500000.0,550000.0,1.818181818181818,3.0,10.0,5.454e-06,0.1
"Effectiveness of FLASH vs. Conventional Dose Rate Radiotherapy in a Model of Orthotopic, Murine Breast Cancer",small_tumors_20to40mm3_20Gy_FLASH_vs_CONV,0,,female,injectable_dissociative_plus_alpha2_agonist,normoxia_ambient,tumor,(blank),electron,electron_beam,,,20.0,single_fraction,1.0,20.0,200.0,533000.0,90.0,3.75,10.0,2.0,0.1,
"Effectiveness of FLASH vs. Conventional Dose Rate Radiotherapy in a Model of Orthotopic, Murine Breast Cancer",small_tumors_20to40mm3_25Gy_FLASH_vs_CONV,0,,female,injectable_dissociative_plus_alpha2_agonist,normoxia_ambient,tumor,(blank),electron,electron_beam,,,25.0,single_fraction,1.0,25.0,94.0,267000.0,90.0,3.75,25.0,1.0,0.27,0.136
"Effectiveness of FLASH vs. Conventional Dose Rate Radiotherapy in a Model of Orthotopic, Murine Breast Cancer",small_tumors_20to40mm3_30Gy_round1_large_field_FLASH_vs_CONV,0,,female,injectable_dissociative_plus_alpha2_agonist,normoxia_ambient,tumor,(blank),electron,electron_beam,,,30.0,single_fraction,1.0,30.0,193.0,533000.0,90.0,3.75,15.0,2.0,0.17,0.146
"Effectiveness of FLASH vs. Conventional Dose Rate Radiotherapy in a Model of Orthotopic, Murine Breast Cancer",small_tumors_20to40mm3_30Gy_round2_small_field_FLASH_vs_CONV,0,,female,injectable_dissociative_plus_alpha2_agonist,normoxia_ambient,tumor,(blank),electron,electron_beam,,,30.0,single_fraction,1.0,30.0,193.0,533000.0,90.0,3.75,15.0,2.0,0.17,0.136
"Effectiveness of FLASH vs. Conventional Dose Rate Radiotherapy in a Model of Orthotopic, Murine Breast Cancer",large_tumors_250to800mm3_30Gy_FLASH_vs_CONV,0,,female,injectable_dissociative_plus_alpha2_agonist,normoxia_ambient,tumor,(blank),electron,electron_beam,,,30.0,single_fraction,1.0,30.0,193.0,533000.0,90.0,3.75,15.0,2.0,0.17,0.146
Elucidating the neurological mechanism of the FLASH effect in juvenile mice exposed to hypofractionated radiotherapy,neurocognitive_behavior,1,,mixed,,normoxia_ambient,neural,neuro,electron,electron_beam,,,20.0,multi-day_fractionated,2.0,10.0,5600000.0,5600000.0,100.0,1.8,1.0,10.0,1.8e-06,0.09
Exploring the mechanisms of protective effect of high-energy X-ray FLASH radiotherapy on intestine through multi-omics analysis,Du_2025_F1,1,mouse,female,isoflurane,normoxia_ambient,epithelial,GI_crypt,other,xray_MV_macropulse,pulsed,pulsed,12.0,single_fraction,1.0,12.0,334.0,,,,,,0.0359,0.07
Fixation method influences FLASH skin sparing in an in vivo leg model,Kristensen_2025_F1,1,mouse,female,none,normoxia_ambient,normal_tissue,skin,electron,electron_pulsed,single_fraction_electron,pulsed,,single_fraction,1.0,,233.0,280000.0,200.0,4.0,,1.13,,0.16
Fixation method influences FLASH skin sparing in an in vivo leg model,Kristensen_2025_F2,1,mouse,female,none,normoxia_ambient,normal_tissue,skin,electron,electron_pulsed,single_fraction_electron,pulsed,,single_fraction,1.0,,223.0,280000.0,200.0,4.0,,1.13,,0.16
FLASH Bragg-Peak Irradiation With a Therapeutic Carbon Ion Beam: First In Vivo Results,Tinganelli_2025_NormalTissue_Fibrosis_FLASH_vs_CONV,1,mouse,female,isoflurane,normoxia_ambient,mixed,(blank),heavy_ion,carbon_ion_raster_scanned_SOBP,raster_scanning_SOBP,spill_based,20.0,single_fraction,1.0,20.0,100.0,,,,,,0.04,
FLASH effect is diminished by daily fractionation of electron RT in mouse skin,Ilina_2025_F1_1x22Gy,1,mouse,female,none,normoxia_ambient,normal_tissue,skin,electron,electron_pulsed,single_fraction,pulsed,22.0,single_fraction,1.0,22.0,97.5,395000.0,120.0,2.0,29.0,0.79,0.2256410256410256,0.17
FLASH effect is diminished by daily fractionation of electron RT in mouse skin,Ilina_2025_F2_1x24Gy,1,mouse,female,none,normoxia_ambient,normal_tissue,skin,electron,electron_pulsed,single_fraction,pulsed,24.0,single_fraction,1.0,24.0,97.5,395000.0,120.0,2.0,30.0,0.79,0.2461538461538461,0.17
FLASH effect is diminished by daily fractionation of electron RT in mouse skin,Ilina_2025_F3_1x30Gy,1,mouse,female,none,normoxia_ambient,normal_tissue,skin,electron,electron_pulsed,single_fraction,pulsed,30.0,single_fraction,1.0,30.0,97.5,395000.0,120.0,2.0,38.0,0.79,0.3076923076923077,0.17
FLASH effect is diminished by daily fractionation of electron RT in mouse skin,Ilina_2025_F4_3x10Gy,0,mouse,female,none,normoxia_ambient,normal_tissue,skin,electron,electron_pulsed,daily_fractionation,pulsed,30.0,multi-day_fractionated,3.0,10.0,97.5,390000.0,120.0,2.0,13.0,0.78,0.3076923076923077,0.17
FLASH effect is diminished by daily fractionation of electron RT in mouse skin,Ilina_2025_F5_3x12Gy,0,mouse,female,none,normoxia_ambient,normal_tissue,skin,electron,electron_pulsed,daily_fractionation,pulsed,36.0,multi-day_fractionated,3.0,12.0,97.5,395000.0,120.0,2.0,15.0,0.79,0.3692307692307692,0.17
FLASH effect is diminished by daily fractionation of electron RT in mouse skin,Ilina_2025_F6_3x16Gy,0,mouse,female,none,normoxia_ambient,normal_tissue,skin,electron,electron_pulsed,daily_fractionation,pulsed,48.0,multi-day_fractionated,3.0,16.0,97.5,408867.0,120.0,2.0,19.0,0.83,0.4923076923076923,0.17
FLASH Irradiation Spares Lung Progenitor Cells and Limits the Incidence of Radio-induced Senescence,Fouillade_2020_F1_17Gy,1,mouse,female,isoflurane,normoxia_ambient,normal_tissue,lung,electron,electron_pulsed,single_fraction,pulsed,17.0,single_fraction,1.0,17.0,170.0,,113.33333333333331,,11.0,1.5,0.1,0.1
FLASH Irradiation Spares Lung Progenitor Cells and Limits the Incidence of Radio-induced Senescence,Fouillade_2020_F2_TercKO_17Gy,0,mouse,female,isoflurane,normoxia_ambient,normal_tissue,lung,electron,electron_pulsed,single_fraction,pulsed,17.0,single_fraction,1.0,17.0,170.0,,113.33333333333331,,11.0,1.5,0.1,0.1
FLASH irradiation-induced acute lung injury promotes metastatic colonization via neutrophil extracellular trap formation,Luo_2025_FLASH_10Gy,0,mouse,male,injectable_barbiturate,normoxia_ambient,normal_tissue,lung,electron,electron_broad_beam,single_fraction,pulsed,10.0,single_fraction,1.0,10.0,120.0,83000.0,360.0,4.0,30.0,0.33,0.0833,
FLASH irradiation-induced acute lung injury promotes metastatic colonization via neutrophil extracellular trap formation,Luo_2025_FLASH_antiLy6G,0,mouse,male,injectable_barbiturate,normoxia_ambient,normal_tissue,lung,electron,electron_broad_beam,single_fraction,pulsed,10.0,single_fraction,1.0,10.0,120.0,83000.0,360.0,4.0,30.0,0.33,0.0833,
FLASH irradiation-induced acute lung injury promotes metastatic colonization via neutrophil extracellular trap formation,Luo_2025_FLASH_GCSF,0,mouse,male,injectable_barbiturate,normoxia_ambient,normal_tissue,lung,electron,electron_broad_beam,single_fraction,pulsed,10.0,single_fraction,1.0,10.0,120.0,83000.0,360.0,4.0,30.0,0.33,0.0833,
FLASH Proton Radiotherapy Spares Normal Epithelial and Mesenchymal Tissues While Preserving Sarcoma Response,Velalopoulou_2021_F1,1,mouse,female,isoflurane,not_reported,normal_tissue,(blank),proton,proton_double_scattered,single_fraction,pulsed,30.0,single_fraction,1.0,30.0,96.5,,,,,,,
FLASH Proton Radiotherapy Spares Normal Epithelial and Mesenchymal Tissues While Preserving Sarcoma Response,Velalopoulou_2021_F2,1,mouse,female,isoflurane,not_reported,normal_tissue,(blank),proton,proton_double_scattered,single_fraction,pulsed,45.0,single_fraction,1.0,45.0,96.5,,,,,,,
FLASH radiotherapy preserves systemic and tissue homeostasis while maintaining antitumor efficacy,Furini_2026_Melanoma_FLASH_19Gy,1,mouse,male,injectable_dissociative_plus_alpha2_agonist,not_reported,tumor_hindlimb_skin_muscle,skin,electron,pulsed_electron_FLASH,single_fraction_hindlimb,pulsed,19.0,single_fraction,1.0,19.0,940.0,1187500.0,145.0,4.0,4.0,4.75,0.02759,0.18
FLASH radiotherapy preserves systemic and tissue homeostasis while maintaining antitumor efficacy,Furini_2026_Melanoma_FLASH_33.3Gy,1,mouse,male,injectable_dissociative_plus_alpha2_agonist,not_reported,tumor_hindlimb_skin_muscle,skin,electron,pulsed_electron_FLASH,single_fraction_hindlimb,pulsed,33.3,single_fraction,1.0,33.3,940.0,1187500.0,170.0,4.0,7.0,4.75,0.04118,0.18
FLASH radiotherapy preserves systemic and tissue homeostasis while maintaining antitumor efficacy,Furini_2026_Naive_FLASH_33.3Gy,1,mouse,male,injectable_dissociative_plus_alpha2_agonist,not_reported,skin_skeletal_muscle,skin,electron,pulsed_electron_FLASH,single_fraction_hindlimb,pulsed,33.3,single_fraction,1.0,33.3,940.0,1187500.0,170.0,4.0,7.0,4.75,0.04118,0.18
"FLASH with carbon ions: Tumor control, normal tissue sparing, and distal metastasis in a mouse osteosarcoma model",Tinganelli_2022_TumorControl_FLASH_vs_CONV,1,mouse,female,unknown,not_reported,tumor,(blank),heavy_ion,carbon_ion_raster_scanned,raster_scanning,single_spill,15.0,single_fraction,1.0,15.0,100.0,,,,,,0.15,0.1
FLASH X-ray spares intestinal crypts from pyroptosis initiated by cGAS-STING activation upon radioimmunotherapy,Shi_2022_Intestinal_FLASH_PD-L1_WT,1,mouse,male,unknown,normoxia_ambient,normal_tissue,GI_crypt,other,xray_MV,pulsed_FLASH,pulsed,13.0,single_fraction,1.0,13.0,115.0,185000.0,,,,,0.113,0.03
FLASH X-ray spares intestinal crypts from pyroptosis initiated by cGAS-STING activation upon radioimmunotherapy,Shi_2022_Intestinal_FLASH_PD-L1_KO,1,mouse,male,unknown,normoxia_ambient,normal_tissue,GI_crypt,other,xray_MV,pulsed_FLASH,pulsed,13.0,single_fraction,1.0,13.0,115.0,185000.0,,,,,0.113,0.03
FLASH X-ray spares intestinal crypts from pyroptosis initiated by cGAS-STING activation upon radioimmunotherapy,Shi_2022_Intestinal_FLASH_5x5_PD-L1,1,mouse,male,unknown,normoxia_ambient,normal_tissue,GI_crypt,other,xray_MV,pulsed_FLASH,pulsed,25.0,multi-day_fractionated,5.0,5.0,115.0,185000.0,,,,,,0.03
FLASH X-ray spares intestinal crypts from pyroptosis initiated by cGAS-STING activation upon radioimmunotherapy,Shi_2022_Intestinal_FLASH_5x5_PD-L1_diABZI,0,mouse,male,unknown,normoxia_ambient,normal_tissue,GI_crypt,other,xray_MV,pulsed_FLASH,pulsed,25.0,multi-day_fractionated,5.0,5.0,115.0,185000.0,,,,,,0.03
Hypo-fractionated FLASH-RT: An effective treatment against glioblastoma that significantly reduces neurocognitive side effects in mice,Montay-Gruel_2021_H454_WBI_FLASH_10Gy,1,mouse,female,isoflurane,not_reported,mixed,neuro,electron,low_energy_electron,pulsed_electron,pulsed,10.0,single_fraction,1.0,10.0,5600000.0,5555556.0,100.0,1.8,1.0,10.0,1.8e-06,0.1
Hypo-fractionated FLASH-RT: An effective treatment against glioblastoma that significantly reduces neurocognitive side effects in mice,Montay-Gruel_2021_H454_WBI_FLASH_14Gy,0,mouse,female,isoflurane,not_reported,mixed,neuro,electron,low_energy_electron,pulsed_electron,pulsed,14.0,single_fraction,1.0,14.0,7800000.0,7777778.0,100.0,1.8,1.0,14.0,1.8e-06,0.1
Hypo-fractionated FLASH-RT: An effective treatment against glioblastoma that significantly reduces neurocognitive side effects in mice,Montay-Gruel_2021_H454_WBI_FLASH_2x7Gy,1,mouse,female,isoflurane,not_reported,mixed,neuro,electron,low_energy_electron,pulsed_electron,pulsed,14.0,multi-day_fractionated,2.0,7.0,3900000.0,3888889.0,100.0,1.8,1.0,7.0,1.8e-06,0.1
Hypo-fractionated FLASH-RT: An effective treatment against glioblastoma that significantly reduces neurocognitive side effects in mice,Montay-Gruel_2021_H454_WBI_FLASH_3x10Gy_q48h,1,mouse,female,isoflurane,not_reported,mixed,neuro,electron,low_energy_electron,pulsed_electron,pulsed,30.0,multi-day_fractionated,3.0,10.0,5600000.0,5555556.0,100.0,1.8,1.0,10.0,1.8e-06,0.1
Impact of increased oxygen concentration on the FLASH sparing effect in mice is tissue dependent,Intestine_FLASH_air,1,mouse,female,ketamine,normoxia_ambient,normal_tissue,GI_crypt,electron,electron_beam,single_fraction,pulsed,,single_fraction,1.0,,205.0,1100000.0,90.0,1.9,8.5,2.1,,
Impact of increased oxygen concentration on the FLASH sparing effect in mice is tissue dependent,Intestine_FLASH_oxygen,0,mouse,female,ketamine,hyperoxic,normal_tissue,GI_crypt,electron,electron_linac,single_fraction,pulsed,,single_fraction,1.0,,205.0,300000.0,200.0,4.0,,1.2,,
Impact of increased oxygen concentration on the FLASH sparing effect in mice is tissue dependent,Skin_FLASH_air,1,mouse,female,ketamine,normoxia_ambient,normal_tissue,skin,electron,electron_beam,single_fraction,pulsed,,single_fraction,1.0,,217.0,1200000.0,100.0,1.6,14.5,2.0,,
Impact of increased oxygen concentration on the FLASH sparing effect in mice is tissue dependent,Skin_FLASH_oxygen,1,mouse,female,ketamine,hyperoxic,normal_tissue,skin,electron,electron_linac,single_fraction,pulsed,,single_fraction,1.0,,217.0,300000.0,200.0,4.0,,1.2,,
In vivo validation and tissue sparing factor for acute damage of pencil beam scanning proton FLASH,Sorensen_2022_FLASH_skin_singlefx_PBSproton,1,mouse,female,none,normoxia_ambient,normal_tissue,skin,proton,proton_PBS,single_fraction,not_reported,,single_fraction,1.0,,80.0,418.0,,,,,,0.37
Instantaneous dose rate as a crucial factor in reducing mortality and normal tissue toxicities in murine total-body irradiation,Zhu_2025_TBI_LH_lowMean_ultraHighInstantaneous,1,mouse,female,none,normoxia_ambient,normal_tissue,(blank),electron,electron_beam,single_fraction,pulsed,10,single_fraction,1.0,10,0.4,102000,1,3.92,24,0.4,24,0.1
Instantaneous dose rate as a crucial factor in reducing mortality and normal tissue toxicities in murine total-body irradiation,Zhu_2025_TBI_HH_ultraHighMean_ultraHighInstantaneous,1,mouse,female,none,normoxia_ambient,normal_tissue,(blank),electron,electron_beam,single_fraction,pulsed,10,single_fraction,1.0,10,468,478000,250,3.92,5,1.895,0.02,0.1
Irradiation in a flash: Unique sparing of memory in mice after whole brain irradiation with dose rates above 100 Gy/s,MontayGruel_2017_DR1,0,mouse,female,unknown,normoxia_ambient,normal_tissue,neuro,electron,electron_beam,pulsed_electron,pulsed,10.0,single_fraction,1.0,10.0,1.0,5555.6,100.0,1.8,1000.0,0.01,10.0,0.1
Irradiation in a flash: Unique sparing of memory in mice after whole brain irradiation with dose rates above 100 Gy/s,MontayGruel_2017_DR3,0,mouse,female,unknown,normoxia_ambient,normal_tissue,neuro,electron,electron_beam,pulsed_electron,pulsed,10.0,single_fraction,1.0,10.0,3.0,16666.7,100.0,1.8,333.0,0.03,3.333333,0.1
Irradiation in a flash: Unique sparing of memory in mice after whole brain irradiation with dose rates above 100 Gy/s,MontayGruel_2017_DR10,0,mouse,female,unknown,normoxia_ambient,normal_tissue,neuro,electron,electron_beam,pulsed_electron,pulsed,10.0,single_fraction,1.0,10.0,10.0,55555.6,100.0,1.8,100.0,0.1,1.0,0.1
Irradiation in a flash: Unique sparing of memory in mice after whole brain irradiation with dose rates above 100 Gy/s,MontayGruel_2017_DR30,0,mouse,female,unknown,normoxia_ambient,normal_tissue,neuro,electron,electron_beam,pulsed_electron,pulsed,10.0,single_fraction,1.0,10.0,30.0,168333.3,100.0,1.8,33.0,0.303,0.333333,0.1
Irradiation in a flash: Unique sparing of memory in mice after whole brain irradiation with dose rates above 100 Gy/s,MontayGruel_2017_DR60,0,mouse,female,unknown,normoxia_ambient,normal_tissue,neuro,electron,electron_beam,pulsed_electron,pulsed,10.0,single_fraction,1.0,10.0,60.0,326777.8,100.0,1.8,17.0,0.5882,0.166667,0.1
Irradiation in a flash: Unique sparing of memory in mice after whole brain irradiation with dose rates above 100 Gy/s,MontayGruel_2017_DR100,1,mouse,female,unknown,normoxia_ambient,normal_tissue,neuro,electron,electron_beam,pulsed_electron,pulsed,10.0,single_fraction,1.0,10.0,100.0,555555.6,100.0,1.8,10.0,1.0,0.1,0.1
Irradiation in a flash: Unique sparing of memory in mice after whole brain irradiation with dose rates above 100 Gy/s,MontayGruel_2017_DR500,1,mouse,female,unknown,normoxia_ambient,normal_tissue,neuro,electron,electron_beam,pulsed_electron,pulsed,10.0,single_fraction,1.0,10.0,500.0,2777777.8,100.0,1.8,2.0,5.0,0.02,0.1
Irradiation in a flash: Unique sparing of memory in mice after whole brain irradiation with dose rates above 100 Gy/s,MontayGruel_2017_1pulse,1,mouse,female,unknown,normoxia_ambient,normal_tissue,neuro,electron,electron_beam,pulsed_electron,pulsed,10.0,single_fraction,1.0,10.0,5600000.0,5555555.6,100.0,1.8,1.0,10.0,1.8e-06,0.1
Neuroprotection of Radiosensitive Juvenile Mice by Ultra-High Dose Rate FLASH Irradiation,Alaghband_2020_FLASH_WBI_8Gy_single,1,mouse,mixed,isoflurane,not_reported,normal_tissue,neuro,electron,electron_beam,single_fraction,pulsed,8.0,single_fraction,1.0,8.0,4400000.0,4400000.0,100.0,1.8,1.0,8.0,1.8e-06,0.077
Neuroprotective Effects of Ultra-High Dose Rate FLASH Bragg Peak Proton Irradiation,Dokic_2022_F1,1,mouse,female,isoflurane,not_reported,normal_tissue,neuro,proton,proton_synchrotron,single_fraction,spill_based,9.6,single_fraction,1.0,9.6,120.0,120.0,,80000.0,1.0,,0.08,0.17
Partial abdominal carbon-ion FLASH irradiation spares lethality compared to conventional irradiation: impact of LET and dose rate,Cao_2025_lowLET_14Gy_FLASH,0,mouse,female,ketamine,normoxia_ambient,normal_tissue,GI_crypt,heavy_ion,carbon_ion_synchrotron_scanning,single_fraction,not_reported,14.0,single_fraction,1.0,14.0,102.3,,,,,,0.1369,0.053
Partial abdominal carbon-ion FLASH irradiation spares lethality compared to conventional irradiation: impact of LET and dose rate,Cao_2025_lowLET_16Gy_FLASH,0,mouse,female,ketamine,normoxia_ambient,normal_tissue,GI_crypt,heavy_ion,carbon_ion_synchrotron_scanning,single_fraction,not_reported,16.0,single_fraction,1.0,16.0,102.3,,,,,,0.1564,0.053
Partial abdominal carbon-ion FLASH irradiation spares lethality compared to conventional irradiation: impact of LET and dose rate,Cao_2025_highLET_8Gy_FLASH,1,mouse,female,ketamine,normoxia_ambient,normal_tissue,GI_crypt,heavy_ion,carbon_ion_synchrotron_scanning,single_fraction,not_reported,8.0,single_fraction,1.0,8.0,110.3,,,,,,0.0725,0.051
Partial abdominal carbon-ion FLASH irradiation spares lethality compared to conventional irradiation: impact of LET and dose rate,Cao_2025_highLET_10Gy_FLASH_all,1,mouse,female,ketamine,normoxia_ambient,normal_tissue,GI_crypt,heavy_ion,carbon_ion_synchrotron_scanning,single_fraction,not_reported,10.0,single_fraction,1.0,10.0,110.3,,,,,,0.0907,0.051
Partial abdominal carbon-ion FLASH irradiation spares lethality compared to conventional irradiation: impact of LET and dose rate,Cao_2025_highLET_10Gy_FLASH_gt100Gyps,1,mouse,female,ketamine,normoxia_ambient,normal_tissue,GI_crypt,heavy_ion,carbon_ion_synchrotron_scanning,single_fraction,not_reported,10.0,single_fraction,1.0,10.0,154.2,,,,,,0.0649,0.051
Partial abdominal carbon-ion FLASH irradiation spares lethality compared to conventional irradiation: impact of LET and dose rate,Cao_2025_highLET_10Gy_FLASH_lt100Gyps,0,mouse,female,ketamine,normoxia_ambient,normal_tissue,GI_crypt,heavy_ion,carbon_ion_synchrotron_scanning,single_fraction,not_reported,10.0,single_fraction,1.0,10.0,66.4,,,,,,0.1506,0.051
Pencil beam scanning proton FLASH maintains tumor control while normal tissue damage is reduced in a mouse model,Sorensen_2022_PBSproton_TumorControl_FLASH_vs_CONV,1,mouse,female,none,normoxia_ambient,tumor_and_normal_tissue,skin,proton,proton_PBS,pencil_beam_scanning,not_reported,,single_fraction,1.0,variable_dose_response_study,83.0,214.0,,,,,,0.38
Preliminary mechanistic study of mitochondrial function in intestinal protection mediated by high-energy X-ray FLASH radiotherapy,Hao_2026_Intestine_HEX_FLASH_12Gy_WAbdomen,1,mouse,female,isoflurane,not_reported,GI_abdomen,GI_crypt,photon,high_energy_Xray_HEX,single_fraction_whole_abdomen,pulsed,12.0,single_fraction,1.0,12.0,200.0,,,,,,,0.185
Proton FLASH effects on mouse skin at different oxygen tensions,Lee_2023_Normoxic_FLASH_25Gy,1,mouse,female,ketamine,normoxia_ambient,normal_tissue,skin,proton,double_scattering_proton,single_fraction,pulsed,25.0,single_fraction,1.0,25.0,130.0,,,0.003,,,0.192,0.4
Proton FLASH effects on mouse skin at different oxygen tensions,Lee_2023_Normoxic_FLASH_27Gy,1,mouse,female,ketamine,normoxia_ambient,normal_tissue,skin,proton,double_scattering_proton,single_fraction,pulsed,27.0,single_fraction,1.0,27.0,130.0,,,0.003,,,0.208,0.4
Proton FLASH effects on mouse skin at different oxygen tensions,Lee_2023_Normoxic_FLASH_30Gy,1,mouse,female,ketamine,normoxia_ambient,normal_tissue,skin,proton,double_scattering_proton,single_fraction,pulsed,30.0,single_fraction,1.0,30.0,130.0,,,0.003,,,0.231,0.4
Proton FLASH effects on mouse skin at different oxygen tensions,Lee_2023_O2breathing_FLASH_27Gy,0,mouse,female,ketamine,hyperoxic,normal_tissue,skin,proton,double_scattering_proton,single_fraction,pulsed,27.0,single_fraction,1.0,27.0,130.0,,,0.003,,,0.208,0.4
Proton FLASH effects on mouse skin at different oxygen tensions,Lee_2023_O2breathing_FLASH_30Gy,0,mouse,female,ketamine,hyperoxic,normal_tissue,skin,proton,double_scattering_proton,single_fraction,pulsed,30.0,single_fraction,1.0,30.0,130.0,,,0.003,,,0.231,0.4
Proton FLASH effects on mouse skin at different oxygen tensions,Lee_2023_Hypoxic_FLASH_27Gy,0,mouse,female,ketamine,hypoxic_anoxic,normal_tissue,skin,proton,double_scattering_proton,single_fraction,pulsed,27.0,single_fraction,1.0,27.0,130.0,,,0.003,,,0.208,0.4
Proton FLASH effects on mouse skin at different oxygen tensions,Lee_2023_Hypoxic_FLASH_45Gy,0,mouse,female,ketamine,hypoxic_anoxic,normal_tissue,skin,proton,double_scattering_proton,single_fraction,pulsed,45.0,single_fraction,1.0,45.0,130.0,,,0.003,,,0.346,0.4
Proton FLASH Exposure Preserves Gut Commensal Microbiomes and Spares Intestinal Stem Cells,Chugh_2026_Survival_14Gy_HDR,0,mouse,male,injectable_dissociative_plus_alpha2_agonist,normoxia_ambient,GI_abdomen,GI_crypt,proton,pencil_beam_scanning_PBS_raster_scanned,single_fraction_abdominal_PBS,pulsed_synchrocyclotron_1kHz,14.0,single_fraction,1.0,14.0,58.33,,1000.0,,240.0,,0.24,
Proton FLASH Exposure Preserves Gut Commensal Microbiomes and Spares Intestinal Stem Cells,Chugh_2026_Survival_14Gy_LDR,0,mouse,male,injectable_dissociative_plus_alpha2_agonist,normoxia_ambient,GI_abdomen,GI_crypt,proton,pencil_beam_scanning_PBS_raster_scanned,single_fraction_abdominal_PBS,pulsed_synchrocyclotron_1kHz,14.0,single_fraction,1.0,14.0,43.21,,1000.0,,324.0,,0.324,
Proton FLASH Exposure Preserves Gut Commensal Microbiomes and Spares Intestinal Stem Cells,Chugh_2026_Survival_16Gy_HDR,1,mouse,male,injectable_dissociative_plus_alpha2_agonist,normoxia_ambient,GI_abdomen,GI_crypt,proton,pencil_beam_scanning_PBS_raster_scanned,single_fraction_abdominal_PBS,pulsed_synchrocyclotron_1kHz,16.0,single_fraction,1.0,16.0,57.14,,1000.0,,280.0,,0.28,
Proton FLASH Exposure Preserves Gut Commensal Microbiomes and Spares Intestinal Stem Cells,Chugh_2026_Survival_16Gy_LDR,1,mouse,male,injectable_dissociative_plus_alpha2_agonist,normoxia_ambient,GI_abdomen,GI_crypt,proton,pencil_beam_scanning_PBS_raster_scanned,single_fraction_abdominal_PBS,pulsed_synchrocyclotron_1kHz,16.0,single_fraction,1.0,16.0,49.38,,1000.0,,324.0,,0.324,
Proton FLASH Exposure Preserves Gut Commensal Microbiomes and Spares Intestinal Stem Cells,Chugh_2026_Survival_Morphology_18Gy_HDR,1,mouse,male,injectable_dissociative_plus_alpha2_agonist,normoxia_ambient,GI_abdomen,GI_crypt,proton,pencil_beam_scanning_PBS_raster_scanned,single_fraction_abdominal_PBS,pulsed_synchrocyclotron_1kHz,18.0,single_fraction,1.0,18.0,64.29,,1000.0,,280.0,,0.28,
Proton FLASH Exposure Preserves Gut Commensal Microbiomes and Spares Intestinal Stem Cells,Chugh_2026_Survival_Morphology_18Gy_LDR,1,mouse,male,injectable_dissociative_plus_alpha2_agonist,normoxia_ambient,GI_abdomen,GI_crypt,proton,pencil_beam_scanning_PBS_raster_scanned,single_fraction_abdominal_PBS,pulsed_synchrocyclotron_1kHz,18.0,single_fraction,1.0,18.0,47.62,,1000.0,,378.0,,0.378,
Proton FLASH Exposure Preserves Gut Commensal Microbiomes and Spares Intestinal Stem Cells,Chugh_2026_Mechanistic_ISC_21Gy_HDR,1,mouse,male,injectable_dissociative_plus_alpha2_agonist,normoxia_ambient,GI_abdomen,GI_crypt,proton,pencil_beam_scanning_PBS_raster_scanned,single_fraction_abdominal_PBS,pulsed_synchrocyclotron_1kHz,21.0,single_fraction,1.0,21.0,60.0,,1000.0,,350.0,,,
Proton FLASH Exposure Preserves Gut Commensal Microbiomes and Spares Intestinal Stem Cells,Chugh_2026_Microbiome_18Gy_HDR,1,mouse,male,injectable_dissociative_plus_alpha2_agonist,normoxia_ambient,GI_abdomen,GI_crypt,proton,pencil_beam_scanning_PBS_raster_scanned,single_fraction_abdominal_PBS,pulsed_synchrocyclotron_1kHz,18.0,single_fraction,1.0,18.0,64.29,,1000.0,,280.0,,0.28,
Proton FLASH Exposure Preserves Gut Commensal Microbiomes and Spares Intestinal Stem Cells,Chugh_2026_FMT_FLASH_donor_18Gy,1,mouse,male,injectable_dissociative_plus_alpha2_agonist,normoxia_ambient,GI_abdomen,GI_crypt,proton,pencil_beam_scanning_PBS_raster_scanned,single_fraction_abdominal_PBS,pulsed_synchrocyclotron_1kHz,18.0,single_fraction,1.0,18.0,64.29,,1000.0,,280.0,,0.28,
Proton FLASH Radiotherapy Ameliorates Radiation-induced Salivary Gland Dysfunction and Oral Mucositis and Increases Survival in a Mouse Model of Head and Neck Cancer,Chowdhury_2024_F1,1,mouse,female,isoflurane,not_reported,normal_tissue,salivary,proton,fixed_research_beamline_shoot_through,single_fraction,pulsed,14.0,single_fraction,1.0,14.0,128.0,,,,,,0.1094,0.95
Proton FLASH Radiotherapy Ameliorates Radiation-induced Salivary Gland Dysfunction and Oral Mucositis and Increases Survival in a Mouse Model of Head and Neck Cancer,Chowdhury_2024_F2,1,mouse,female,isoflurane,not_reported,normal_tissue,salivary,proton,fixed_research_beamline_shoot_through,single_fraction,pulsed,16.0,single_fraction,1.0,16.0,128.0,,,,,,0.125,0.95
Proton FLASH Radiotherapy Ameliorates Radiation-induced Salivary Gland Dysfunction and Oral Mucositis and Increases Survival in a Mouse Model of Head and Neck Cancer,Chowdhury_2024_F3,1,mouse,male,isoflurane,not_reported,normal_tissue,salivary,proton,fixed_research_beamline_shoot_through,single_fraction,pulsed,16.0,single_fraction,1.0,16.0,128.0,,,,,,0.125,0.95
Proton FLASH Radiotherapy Ameliorates Radiation-induced Salivary Gland Dysfunction and Oral Mucositis and Increases Survival in a Mouse Model of Head and Neck Cancer,Chowdhury_2024_F4,1,mouse,female,isoflurane,not_reported,normal_tissue,salivary,proton,fixed_research_beamline_shoot_through,single_fraction,pulsed,24.0,multi-day_fractionated,3.0,8.0,128.0,,,,,,0.0625,0.95
Proton FLASH Radiotherapy Ameliorates Radiation-induced Salivary Gland Dysfunction and Oral Mucositis and Increases Survival in a Mouse Model of Head and Neck Cancer,Chowdhury_2024_F5,1,mouse,not_reported,isoflurane,not_reported,tumor,(blank),proton,fixed_research_beamline_shoot_through,single_fraction,pulsed,14.0,single_fraction,1.0,14.0,128.0,,,,,,0.1094,0.95
Proton FLASH Radiotherapy Ameliorates Radiation-induced Salivary Gland Dysfunction and Oral Mucositis and Increases Survival in a Mouse Model of Head and Neck Cancer,Chowdhury_2024_F6,1,mouse,not_reported,isoflurane,not_reported,tumor,(blank),proton,fixed_research_beamline_shoot_through,single_fraction,pulsed,16.0,single_fraction,1.0,16.0,128.0,,,,,,0.125,0.95
Proton FLASH Radiotherapy Ameliorates Radiation-induced Salivary Gland Dysfunction and Oral Mucositis and Increases Survival in a Mouse Model of Head and Neck Cancer,Chowdhury_2024_F7,1,mouse,not_reported,isoflurane,not_reported,tumor,(blank),proton,fixed_research_beamline_shoot_through,single_fraction,pulsed,18.0,single_fraction,1.0,18.0,128.0,,,,,,0.1406,0.95
Proton FLASH: Impact of Dose Rate and Split Dose on Acute Skin Toxicity in a Murine Model,Sorensen_2024_E1_DR0p66_no_repainting,1,mouse,female,none,normoxia_ambient,normal_tissue,skin,proton,proton_pencil_beam_scanning,PBS,pulsed_PBS,39.3,single_fraction,1.0,39.3,0.66,,,,,,60.5,0.37
Proton FLASH: Impact of Dose Rate and Split Dose on Acute Skin Toxicity in a Murine Model,Sorensen_2024_E1_DR1p97_no_repainting,1,mouse,female,none,normoxia_ambient,normal_tissue,skin,proton,proton_pencil_beam_scanning,PBS,pulsed_PBS,39.3,single_fraction,1.0,39.3,1.97,,,,,,20.0,0.37
Proton FLASH: Impact of Dose Rate and Split Dose on Acute Skin Toxicity in a Murine Model,Sorensen_2024_E1_DR5p6_no_repainting,1,mouse,female,none,normoxia_ambient,normal_tissue,skin,proton,pencil_beam_scanning,PBS,pulsed_PBS,39.3,single_fraction,1.0,39.3,5.6,,,,,,7.1,0.37
Proton FLASH: Impact of Dose Rate and Split Dose on Acute Skin Toxicity in a Murine Model,Sorensen_2024_E1_DR19p3_no_repainting,1,mouse,female,none,normoxia_ambient,normal_tissue,skin,proton,pencil_beam_scanning,PBS,pulsed_PBS,39.3,single_fraction,1.0,39.3,19.3,,,,,,2.04,0.37
Proton FLASH: Impact of Dose Rate and Split Dose on Acute Skin Toxicity in a Murine Model,Sorensen_2024_E1_DR39p4_no_repainting,1,mouse,female,none,normoxia_ambient,normal_tissue,skin,proton,pencil_beam_scanning,PBS,pulsed_PBS,39.3,single_fraction,1.0,39.3,39.4,,,,,,1.0,0.37
Proton FLASH: Impact of Dose Rate and Split Dose on Acute Skin Toxicity in a Murine Model,Sorensen_2024_E1_DR58p7_no_repainting,1,mouse,female,none,normoxia_ambient,normal_tissue,skin,proton,pencil_beam_scanning,PBS,pulsed_PBS,39.3,single_fraction,1.0,39.3,58.7,,,,,,0.67,0.37
Proton FLASH: Impact of Dose Rate and Split Dose on Acute Skin Toxicity in a Murine Model,Sorensen_2024_E1_DR79p3_no_repainting,1,mouse,female,none,normoxia_ambient,normal_tissue,skin,proton,pencil_beam_scanning,PBS,pulsed_PBS,39.3,single_fraction,1.0,39.3,79.3,,,,,,0.5,0.37
Proton FLASH: Impact of Dose Rate and Split Dose on Acute Skin Toxicity in a Murine Model,Sorensen_2024_E2_DR0p37_with_repainting,0,mouse,female,none,normoxia_ambient,normal_tissue,skin,proton,proton_pencil_beam_scanning,PBS,pulsed_PBS_with_repainting,39.3,single_fraction,1.0,39.3,0.37,,,,,,107.8,0.37
Proton FLASH: Impact of Dose Rate and Split Dose on Acute Skin Toxicity in a Murine Model,Sorensen_2024_E2_DR0p67_with_repainting,0,mouse,female,none,normoxia_ambient,normal_tissue,skin,proton,proton_pencil_beam_scanning,PBS,pulsed_PBS_with_repainting,39.3,single_fraction,1.0,39.3,0.67,,,,,,59.9,0.37
Proton FLASH: Impact of Dose Rate and Split Dose on Acute Skin Toxicity in a Murine Model,Sorensen_2024_E2_DR1p93_with_repainting,0,mouse,female,none,normoxia_ambient,normal_tissue,skin,proton,proton_pencil_beam_scanning,PBS,pulsed_PBS_with_repainting,39.3,single_fraction,1.0,39.3,1.93,,,,,,20.5,0.37
Proton FLASH: Impact of Dose Rate and Split Dose on Acute Skin Toxicity in a Murine Model,Sorensen_2024_E2_DR5p4_with_repainting,1,mouse,female,none,normoxia_ambient,normal_tissue,skin,proton,pencil_beam_scanning,PBS,pulsed_PBS_with_repainting,39.3,single_fraction,1.0,39.3,5.4,,,,,,7.37,0.37
Proton FLASH: Impact of Dose Rate and Split Dose on Acute Skin Toxicity in a Murine Model,Sorensen_2024_E2_DR19p8_with_repainting,1,mouse,female,none,normoxia_ambient,normal_tissue,skin,proton,pencil_beam_scanning,PBS,pulsed_PBS_with_repainting,39.3,single_fraction,1.0,39.3,19.8,,,,,,1.98,0.37
Proton FLASH: Impact of Dose Rate and Split Dose on Acute Skin Toxicity in a Murine Model,Sorensen_2024_E2_DR38p6_with_repainting,1,mouse,female,none,normoxia_ambient,normal_tissue,skin,proton,pencil_beam_scanning,PBS,pulsed_PBS_with_repainting,39.3,single_fraction,1.0,39.3,38.6,,,,,,1.02,0.37
Proton FLASH: Impact of Dose Rate and Split Dose on Acute Skin Toxicity in a Murine Model,Sorensen_2024_E2_DR59p4_with_repainting,1,mouse,female,none,normoxia_ambient,normal_tissue,skin,proton,pencil_beam_scanning,PBS,pulsed_PBS_with_repainting,39.3,single_fraction,1.0,39.3,59.4,,,,,,0.66,0.37
Proton FLASH: Impact of Dose Rate and Split Dose on Acute Skin Toxicity in a Murine Model,Sorensen_2024_E2_DR88p8_with_repainting,1,mouse,female,none,normoxia_ambient,normal_tissue,skin,proton,pencil_beam_scanning,PBS,pulsed_PBS_with_repainting,39.3,single_fraction,1.0,39.3,88.8,,,,,,0.44,0.37
Proton FLASH: Impact of Dose Rate and Split Dose on Acute Skin Toxicity in a Murine Model,Sorensen_2024_E3_FLASH_1x39p3,1,mouse,female,none,normoxia_ambient,normal_tissue,skin,proton,pencil_beam_scanning,PBS,pulsed_PBS_split_dose,39.3,single_fraction,1.0,39.3,57.7,,,,,,0.68,0.37
Proton FLASH: Impact of Dose Rate and Split Dose on Acute Skin Toxicity in a Murine Model,Sorensen_2024_E3_FLASH_2x19p7,1,mouse,female,none,normoxia_ambient,normal_tissue,skin,proton,pencil_beam_scanning,PBS,pulsed_PBS_split_dose,39.3,intra-session_split,1.0,19.7,59.5,,,,,,122.5,0.37
Proton FLASH: Impact of Dose Rate and Split Dose on Acute Skin Toxicity in a Murine Model,Sorensen_2024_E3_FLASH_3x13p1,1,mouse,female,none,normoxia_ambient,normal_tissue,skin,proton,pencil_beam_scanning,PBS,pulsed_PBS_split_dose,39.3,intra-session_split,1.0,13.1,59.8,,,,,,242.8,0.37
Proton FLASH: Impact of Dose Rate and Split Dose on Acute Skin Toxicity in a Murine Model,Sorensen_2024_E3_FLASH_4x9p8,1,mouse,female,none,normoxia_ambient,normal_tissue,skin,proton,pencil_beam_scanning,PBS,pulsed_PBS_split_dose,39.3,intra-session_split,1.0,9.8,60.9,,,,,,379.2,0.37
Proton FLASH: Impact of Dose Rate and Split Dose on Acute Skin Toxicity in a Murine Model,Sorensen_2024_E3_FLASH_6x6p6,1,mouse,female,none,normoxia_ambient,normal_tissue,skin,proton,pencil_beam_scanning,PBS,pulsed_PBS_split_dose,39.3,intra-session_split,1.0,6.6,60.0,,,,,,607.3,0.37
Proton-FLASH: effects of ultra-high dose rate irradiation on an in-vivo mouse ear model,Rudigkeit_2024_F1,0,mouse,female,injectable_combination,normoxia_ambient,normal_tissue,skin,proton,broad_beam_homogeneous,pulsed,pulsed_chopper_78kHz,23.0,single_fraction,1.0,23.0,9.3,930.0,,,,,2.473,0.06
Proton-FLASH: effects of ultra-high dose rate irradiation on an in-vivo mouse ear model,Rudigkeit_2024_F2,0,mouse,female,injectable_combination,normoxia_ambient,normal_tissue,skin,proton,broad_beam_homogeneous,continuous,continuous,23.0,single_fraction,1.0,23.0,930.0,930.0,,,,,0.0247,0.06
Proton-FLASH: effects of ultra-high dose rate irradiation on an in-vivo mouse ear model,Rudigkeit_2024_F3,1,mouse,female,injectable_combination,normoxia_ambient,normal_tissue,skin,proton,broad_beam_homogeneous,pulsed,pulsed_chopper_78kHz,33.0,single_fraction,1.0,33.0,9.3,930.0,,,,,3.55,0.06
Proton-FLASH: effects of ultra-high dose rate irradiation on an in-vivo mouse ear model,Rudigkeit_2024_F4,1,mouse,female,injectable_combination,normoxia_ambient,normal_tissue,skin,proton,broad_beam_homogeneous,continuous,continuous,33.0,single_fraction,1.0,33.0,930.0,930.0,,,,,0.035,0.06
Radiation damage to normal mammalian tissue in vivo with laser-driven protons at ultra-high instantaneous dose rate,LBNL_BELLA_LaserProton_36Gy_1fx_GroupA,1,mouse,female,injectable_dissociative_plus_alpha2_agonist,not_reported,skin,skin,proton,laser_driven_proton_bunch_TNSA,laser_driven_proton,laser_pulse_bunch_11ns_20s_separation,36.0,single_fraction,1.0,36.0,0.1,130000000.0,,0.011,,2.0,360.0,
Radiation damage to normal mammalian tissue in vivo with laser-driven protons at ultra-high instantaneous dose rate,LBNL_BELLA_LaserProton_42.1Gy_2fx_GroupB,0,mouse,female,injectable_dissociative_plus_alpha2_agonist,not_reported,skin,skin,proton,laser_driven_proton_bunch_TNSA,laser_driven_proton,laser_pulse_bunch_11ns_20s_separation,42.1,multi-day_fractionated,2.0,21.05,0.1,130000000.0,,0.011,,2.0,420.0,
Radiation damage to normal mammalian tissue in vivo with laser-driven protons at ultra-high instantaneous dose rate,LBNL_BELLA_LaserProton_39.6Gy_4fx_GroupC,0,mouse,female,injectable_dissociative_plus_alpha2_agonist,not_reported,skin,skin,proton,laser_driven_proton_bunch_TNSA,laser_driven_proton,laser_pulse_bunch_11ns_20s_separation,39.6,multi-day_fractionated,4.0,9.9,0.1,130000000.0,,0.011,,2.0,400.0,
Radiation damage to normal mammalian tissue in vivo with laser-driven protons at ultra-high instantaneous dose rate,LBNL_BELLA_LaserProton_50.6Gy_1fx_GroupD,0,mouse,female,injectable_dissociative_plus_alpha2_agonist,not_reported,skin,skin,proton,laser_driven_proton_bunch_TNSA,laser_driven_proton,laser_pulse_bunch_11ns_20s_separation,50.6,single_fraction,1.0,50.6,0.1,130000000.0,,0.011,,2.0,500.0,
Redefining FLASH Radiation Therapy: The Impact of Mean Dose Rate and Dose Per Pulse in the Gastrointestinal Tract,Liu_2025_GI_DPP_11Gy_1.0Gy,1,mouse,female,isoflurane,normoxia_ambient,normal_tissue,GI_crypt,electron,pulsed_electron_beam,pulsed,,11.1,single_fraction,1.0,11.1,133.0,1667.0,120.0,600.0,11.0,1.0,0.08,0.3
Redefining FLASH Radiation Therapy: The Impact of Mean Dose Rate and Dose Per Pulse in the Gastrointestinal Tract,Liu_2025_GI_DPP_11Gy_1.2Gy,1,mouse,female,isoflurane,normoxia_ambient,normal_tissue,GI_crypt,electron,pulsed_electron_beam,pulsed,,11.1,single_fraction,1.0,11.1,166.0,1500.0,120.0,800.0,9.0,1.2,0.07,0.3
Redefining FLASH Radiation Therapy: The Impact of Mean Dose Rate and Dose Per Pulse in the Gastrointestinal Tract,Liu_2025_GI_DPP_11Gy_1.6Gy,1,mouse,female,isoflurane,normoxia_ambient,normal_tissue,GI_crypt,electron,pulsed_electron_beam,pulsed,,11.1,single_fraction,1.0,11.1,167.0,1600.0,90.0,1000.0,7.0,1.6,0.07,0.3
Redefining FLASH Radiation Therapy: The Impact of Mean Dose Rate and Dose Per Pulse in the Gastrointestinal Tract,Liu_2025_GI_DPP_11Gy_2.2Gy,1,mouse,female,isoflurane,normoxia_ambient,normal_tissue,GI_crypt,electron,pulsed_electron_beam,pulsed,,11.1,single_fraction,1.0,11.1,168.0,1571.0,60.0,1400.0,5.0,2.2,0.07,0.3
Redefining FLASH Radiation Therapy: The Impact of Mean Dose Rate and Dose Per Pulse in the Gastrointestinal Tract,Liu_2025_GI_DPP_11Gy_2.7Gy,1,mouse,female,isoflurane,normoxia_ambient,normal_tissue,GI_crypt,electron,pulsed_electron_beam,pulsed,,11.1,single_fraction,1.0,11.1,164.0,1588.0,45.0,1700.0,4.0,2.7,0.07,0.3
Redefining FLASH Radiation Therapy: The Impact of Mean Dose Rate and Dose Per Pulse in the Gastrointestinal Tract,Liu_2025_GI_DPP_11Gy_3.7Gy,1,mouse,female,isoflurane,normoxia_ambient,normal_tissue,GI_crypt,electron,pulsed_electron_beam,pulsed,,11.1,single_fraction,1.0,11.1,166.0,1609.0,30.0,2300.0,3.0,3.7,0.07,0.3
Redefining FLASH Radiation Therapy: The Impact of Mean Dose Rate and Dose Per Pulse in the Gastrointestinal Tract,Liu_2025_GI_DPP_11Gy_5.5Gy,1,mouse,female,isoflurane,normoxia_ambient,normal_tissue,GI_crypt,electron,pulsed_electron_beam,pulsed,,11.1,single_fraction,1.0,11.1,166.0,1618.0,15.0,3400.0,2.0,5.5,0.07,0.3
Redefining FLASH Radiation Therapy: The Impact of Mean Dose Rate and Dose Per Pulse in the Gastrointestinal Tract,Liu_2025_GI_DPP_12Gy_1.4Gy,1,mouse,female,isoflurane,normoxia_ambient,normal_tissue,GI_crypt,electron,pulsed_electron_beam,pulsed,,12.3,single_fraction,1.0,12.3,187.0,1750.0,120.0,800.0,9.0,1.4,0.07,0.3
Redefining FLASH Radiation Therapy: The Impact of Mean Dose Rate and Dose Per Pulse in the Gastrointestinal Tract,Liu_2025_GI_DPP_12Gy_1.7Gy,1,mouse,female,isoflurane,normoxia_ambient,normal_tissue,GI_crypt,electron,pulsed_electron_beam,pulsed,,12.3,single_fraction,1.0,12.3,183.0,1700.0,90.0,1000.0,7.0,1.7,0.07,0.3
Redefining FLASH Radiation Therapy: The Impact of Mean Dose Rate and Dose Per Pulse in the Gastrointestinal Tract,Liu_2025_GI_DPP_12Gy_2.1Gy,1,mouse,female,isoflurane,normoxia_ambient,normal_tissue,GI_crypt,electron,pulsed_electron_beam,pulsed,,12.3,single_fraction,1.0,12.3,187.0,1750.0,75.0,1200.0,6.0,2.1,0.07,0.3
Redefining FLASH Radiation Therapy: The Impact of Mean Dose Rate and Dose Per Pulse in the Gastrointestinal Tract,Liu_2025_GI_DPP_12Gy_2.5Gy,1,mouse,female,isoflurane,normoxia_ambient,normal_tissue,GI_crypt,electron,pulsed_electron_beam,pulsed,,12.3,single_fraction,1.0,12.3,185.0,1786.0,60.0,1400.0,5.0,2.5,0.07,0.3
Redefining FLASH Radiation Therapy: The Impact of Mean Dose Rate and Dose Per Pulse in the Gastrointestinal Tract,Liu_2025_GI_DPP_12Gy_3.0Gy,1,mouse,female,isoflurane,normoxia_ambient,normal_tissue,GI_crypt,electron,pulsed_electron_beam,pulsed,,12.3,single_fraction,1.0,12.3,182.0,1667.0,45.0,1800.0,4.0,3.0,0.07,0.3
Redefining FLASH Radiation Therapy: The Impact of Mean Dose Rate and Dose Per Pulse in the Gastrointestinal Tract,Liu_2025_GI_DPP_12Gy_4.0Gy,1,mouse,female,isoflurane,normoxia_ambient,normal_tissue,GI_crypt,electron,pulsed_electron_beam,pulsed,,12.3,single_fraction,1.0,12.3,180.0,1739.0,30.0,2300.0,3.0,4.0,0.07,0.3
Redefining FLASH Radiation Therapy: The Impact of Mean Dose Rate and Dose Per Pulse in the Gastrointestinal Tract,Liu_2025_GI_DPP_12Gy_6.1Gy,1,mouse,female,isoflurane,normoxia_ambient,normal_tissue,GI_crypt,electron,pulsed_electron_beam,pulsed,,12.3,single_fraction,1.0,12.3,182.0,1694.0,15.0,3600.0,2.0,6.1,0.07,0.3
Redefining FLASH Radiation Therapy: The Impact of Mean Dose Rate and Dose Per Pulse in the Gastrointestinal Tract,Liu_2025_GI_DPP_14Gy_1.1Gy,0,mouse,female,isoflurane,normoxia_ambient,normal_tissue,GI_crypt,electron,pulsed_electron_beam,pulsed,,13.8,single_fraction,1.0,13.8,106.0,1571.0,90.0,700.0,13.0,1.1,0.13,0.3
Redefining FLASH Radiation Therapy: The Impact of Mean Dose Rate and Dose Per Pulse in the Gastrointestinal Tract,Liu_2025_GI_DPP_14Gy_1.5Gy,0,mouse,female,isoflurane,normoxia_ambient,normal_tissue,GI_crypt,electron,pulsed_electron_beam,pulsed,,13.8,single_fraction,1.0,13.8,104.0,1500.0,60.0,1000.0,9.0,1.5,0.13,0.3
Redefining FLASH Radiation Therapy: The Impact of Mean Dose Rate and Dose Per Pulse in the Gastrointestinal Tract,Liu_2025_GI_DPP_14Gy_2.0Gy,1,mouse,female,isoflurane,normoxia_ambient,normal_tissue,GI_crypt,electron,pulsed_electron_beam,pulsed,,13.8,single_fraction,1.0,13.8,103.0,1538.0,45.0,1300.0,7.0,2.0,0.13,0.3
Redefining FLASH Radiation Therapy: The Impact of Mean Dose Rate and Dose Per Pulse in the Gastrointestinal Tract,Liu_2025_GI_DPP_14Gy_2.8Gy,1,mouse,female,isoflurane,normoxia_ambient,normal_tissue,GI_crypt,electron,pulsed_electron_beam,pulsed,,13.8,single_fraction,1.0,13.8,103.0,1474.0,30.0,1900.0,5.0,2.8,0.13,0.3
Redefining FLASH Radiation Therapy: The Impact of Mean Dose Rate and Dose Per Pulse in the Gastrointestinal Tract,Liu_2025_GI_DPP_14Gy_4.6Gy,1,mouse,female,isoflurane,normoxia_ambient,normal_tissue,GI_crypt,electron,pulsed_electron_beam,pulsed,,13.8,single_fraction,1.0,13.8,103.0,1353.0,15.0,3400.0,3.0,4.6,0.13,0.3
Redefining FLASH Radiation Therapy: The Impact of Mean Dose Rate and Dose Per Pulse in the Gastrointestinal Tract,Liu_2025_GI_MDR_11Gy_0.3Gyps,1,mouse,female,isoflurane,normoxia_ambient,normal_tissue,GI_crypt,electron,pulsed_electron_beam,pulsed,,11.2,single_fraction,1.0,11.2,0.3,1697.0,0.03,3300.0,2.0,5.6,34.0,0.3
Redefining FLASH Radiation Therapy: The Impact of Mean Dose Rate and Dose Per Pulse in the Gastrointestinal Tract,Liu_2025_GI_MDR_11Gy_56Gyps,1,mouse,female,isoflurane,normoxia_ambient,normal_tissue,GI_crypt,electron,pulsed_electron_beam,pulsed,,11.2,single_fraction,1.0,11.2,56.0,1697.0,5.0,3300.0,2.0,5.6,0.2,0.3
Redefining FLASH Radiation Therapy: The Impact of Mean Dose Rate and Dose Per Pulse in the Gastrointestinal Tract,Liu_2025_GI_MDR_11Gy_113Gyps,1,mouse,female,isoflurane,normoxia_ambient,normal_tissue,GI_crypt,electron,pulsed_electron_beam,pulsed,,11.2,single_fraction,1.0,11.2,113.0,1697.0,10.0,3300.0,2.0,5.6,0.1,0.3
Redefining FLASH Radiation Therapy: The Impact of Mean Dose Rate and Dose Per Pulse in the Gastrointestinal Tract,Liu_2025_GI_MDR_11Gy_654Gyps,1,mouse,female,isoflurane,normoxia_ambient,normal_tissue,GI_crypt,electron,pulsed_electron_beam,pulsed,,11.2,single_fraction,1.0,11.2,654.0,1697.0,30.0,3300.0,2.0,5.6,0.02,0.3
Redefining FLASH Radiation Therapy: The Impact of Mean Dose Rate and Dose Per Pulse in the Gastrointestinal Tract,Liu_2025_GI_MDR_11Gy_1350Gyps,1,mouse,female,isoflurane,normoxia_ambient,normal_tissue,GI_crypt,electron,pulsed_electron_beam,pulsed,,11.2,single_fraction,1.0,11.2,1350.0,1697.0,120.0,3300.0,2.0,5.6,0.01,0.3
Redefining FLASH Radiation Therapy: The Impact of Mean Dose Rate and Dose Per Pulse in the Gastrointestinal Tract,Liu_2025_GI_MDR_12Gy_0.3Gyps,1,mouse,female,isoflurane,normoxia_ambient,normal_tissue,GI_crypt,electron,pulsed_electron_beam,pulsed,,12.0,single_fraction,1.0,12.0,0.3,1667.0,0.03,3600.0,2.0,6.0,37.0,0.3
Redefining FLASH Radiation Therapy: The Impact of Mean Dose Rate and Dose Per Pulse in the Gastrointestinal Tract,Liu_2025_GI_MDR_12Gy_1Gyps,1,mouse,female,isoflurane,normoxia_ambient,normal_tissue,GI_crypt,electron,pulsed_electron_beam,pulsed,,12.0,single_fraction,1.0,12.0,1.0,1667.0,0.08,3600.0,2.0,6.0,12.0,0.3
Redefining FLASH Radiation Therapy: The Impact of Mean Dose Rate and Dose Per Pulse in the Gastrointestinal Tract,Liu_2025_GI_MDR_12Gy_30Gyps,1,mouse,female,isoflurane,normoxia_ambient,normal_tissue,GI_crypt,electron,pulsed_electron_beam,pulsed,,12.0,single_fraction,1.0,12.0,30.0,1667.0,2.5,3600.0,2.0,6.0,0.4,0.3
Redefining FLASH Radiation Therapy: The Impact of Mean Dose Rate and Dose Per Pulse in the Gastrointestinal Tract,Liu_2025_GI_MDR_12Gy_60Gyps,1,mouse,female,isoflurane,normoxia_ambient,normal_tissue,GI_crypt,electron,pulsed_electron_beam,pulsed,,12.0,single_fraction,1.0,12.0,60.0,1667.0,5.0,3600.0,2.0,6.0,0.2,0.3
Redefining FLASH Radiation Therapy: The Impact of Mean Dose Rate and Dose Per Pulse in the Gastrointestinal Tract,Liu_2025_GI_MDR_12Gy_180Gyps,1,mouse,female,isoflurane,normoxia_ambient,normal_tissue,GI_crypt,electron,pulsed_electron_beam,pulsed,,12.0,single_fraction,1.0,12.0,180.0,1667.0,15.0,3600.0,2.0,6.0,0.07,0.3
Redefining FLASH Radiation Therapy: The Impact of Mean Dose Rate and Dose Per Pulse in the Gastrointestinal Tract,Liu_2025_GI_MDR_12Gy_1440Gyps,1,mouse,female,isoflurane,normoxia_ambient,normal_tissue,GI_crypt,electron,pulsed_electron_beam,pulsed,,12.0,single_fraction,1.0,12.0,1440.0,1667.0,120.0,3600.0,2.0,6.0,0.01,0.3
Redefining FLASH Radiation Therapy: The Impact of Mean Dose Rate and Dose Per Pulse in the Gastrointestinal Tract,Liu_2025_GI_MDR_14Gy_0.3Gyps,1,mouse,female,isoflurane,normoxia_ambient,normal_tissue,GI_crypt,electron,pulsed_electron_beam,pulsed,,14.0,single_fraction,1.0,14.0,0.3,1484.0,0.04,3100.0,3.0,4.6,45.0,0.3
Redefining FLASH Radiation Therapy: The Impact of Mean Dose Rate and Dose Per Pulse in the Gastrointestinal Tract,Liu_2025_GI_MDR_14Gy_7Gyps,1,mouse,female,isoflurane,normoxia_ambient,normal_tissue,GI_crypt,electron,pulsed_electron_beam,pulsed,,14.0,single_fraction,1.0,14.0,7.0,1484.0,1.0,3100.0,3.0,4.6,2.0,0.3
Redefining FLASH Radiation Therapy: The Impact of Mean Dose Rate and Dose Per Pulse in the Gastrointestinal Tract,Liu_2025_GI_MDR_14Gy_35Gyps,1,mouse,female,isoflurane,normoxia_ambient,normal_tissue,GI_crypt,electron,pulsed_electron_beam,pulsed,,14.0,single_fraction,1.0,14.0,35.0,1484.0,5.0,3100.0,3.0,4.6,0.4,0.3
Redefining FLASH Radiation Therapy: The Impact of Mean Dose Rate and Dose Per Pulse in the Gastrointestinal Tract,Liu_2025_GI_MDR_14Gy_105Gyps,1,mouse,female,isoflurane,normoxia_ambient,normal_tissue,GI_crypt,electron,pulsed_electron_beam,pulsed,,14.0,single_fraction,1.0,14.0,105.0,1484.0,15.0,3100.0,3.0,4.6,0.13,0.3
Redefining FLASH Radiation Therapy: The Impact of Mean Dose Rate and Dose Per Pulse in the Gastrointestinal Tract,Liu_2025_GI_MDR_14Gy_830Gyps,1,mouse,female,isoflurane,normoxia_ambient,normal_tissue,GI_crypt,electron,pulsed_electron_beam,pulsed,,14.0,single_fraction,1.0,14.0,830.0,1484.0,120.0,3100.0,3.0,4.6,0.02,0.3
Redefining FLASH Radiation Therapy: The Impact of Mean Dose Rate and Dose Per Pulse in the Gastrointestinal Tract,Liu_2025_Survival_HighDPP_UHDR,1,mouse,female,isoflurane,normoxia_ambient,normal_tissue,GI_crypt,electron,pulsed_electron_beam,pulsed,pulsed,13.9,single_fraction,1.0,13.9,104.0,1437.0,15.0,3200.0,3.0,4.6,0.13,0.3
Redefining FLASH Radiation Therapy: The Impact of Mean Dose Rate and Dose Per Pulse in the Gastrointestinal Tract,Liu_2025_Survival_HighDPP_CDR,1,mouse,female,isoflurane,normoxia_ambient,normal_tissue,GI_crypt,electron,pulsed_electron_beam,pulsed_low_MDR,pulsed_low_MDR,13.9,single_fraction,1.0,13.9,0.3,1437.0,0.04,3200.0,3.0,4.6,45.0,0.3
Redefining FLASH Radiation Therapy: The Impact of Mean Dose Rate and Dose Per Pulse in the Gastrointestinal Tract,Liu_2025_Survival_LowDPP_UHDR,1,mouse,female,isoflurane,normoxia_ambient,normal_tissue,GI_crypt,electron,pulsed_electron_beam,pulsed,pulsed,13.9,single_fraction,1.0,13.9,104.0,1500.0,105.0,600.0,15.0,0.9,0.13,0.3
Redefining FLASH Radiation Therapy: The Impact of Mean Dose Rate and Dose Per Pulse in the Gastrointestinal Tract,Liu_2025_Survival_LowDPP_CDR,0,mouse,female,isoflurane,normoxia_ambient,normal_tissue,GI_crypt,electron,pulsed_electron_beam,pulsed_low_MDR,pulsed_low_MDR,13.9,single_fraction,1.0,13.9,0.3,1500.0,0.04,600.0,15.0,0.9,45.0,0.3
Redefining FLASH Radiation Therapy: The Impact of Mean Dose Rate and Dose Per Pulse in the Gastrointestinal Tract,Liu_2025_Tumor_HighDPP_UHDR,0,mouse,female,isoflurane,normoxia_ambient,tumor,(blank),electron,pulsed_electron_beam,pulsed,,20.2,single_fraction,1.0,20.2,1208.0,1692.0,120.0,3960.0,3.0,6.7,0.02,0.3
Redefining FLASH Radiation Therapy: The Impact of Mean Dose Rate and Dose Per Pulse in the Gastrointestinal Tract,Liu_2025_Tumor_HighDPP_CDR,0,mouse,female,isoflurane,normoxia_ambient,tumor,(blank),electron,pulsed_electron_beam,pulsed,,20.2,single_fraction,1.0,20.2,0.3,1692.0,0.03,3960.0,3.0,6.7,60.0,0.3
Reduced cognitive deficits after FLASH irradiation of whole mouse brain are associated with less hippocampal dendritic spine loss and neuroinflammation,Simmons_2019_wholebrain_FLASH_30Gy_singlefx,1,mouse,male,injectable_dissociative_plus_alpha2_agonist,not_reported,CNS_brain,neuro,electron,pulsed_electron_beam,pulsed,ultra-high_PRF_vs_conventional_PRF_same_DPP,30.0,single_fraction,1.0,30.0,250.0,875000.0,144.0,2.0,18.0,1.75,0.13,0.13
Respiratory-gated micro-computed tomography imaging to measure radiation-induced lung injuries in mice following ultra-high dose-rate and conventional dose-rate radiation therapy,Ford_2025_F1,0,mouse,male,isoflurane,normoxia_ambient,normal_tissue,lung,photon,photon_UHDR,photon_FLASH,not_reported,15.0,single_fraction,1.0,15.0,89.79,,,,,,,0.036
Respiratory-gated micro-computed tomography imaging to measure radiation-induced lung injuries in mice following ultra-high dose-rate and conventional dose-rate radiation therapy,Ford_2025_F2,1,mouse,male,isoflurane,normoxia_ambient,normal_tissue,lung,photon,photon_UHDR,photon_FLASH,not_reported,30.0,single_fraction,1.0,30.0,97.58,,,,,,,0.06
The Impacts of FLASH Radiation Therapy and Conventional Radiation Therapy on the Cognitive Abilities of Mice,He_2026_F1,1,mouse,male,injectable_barbiturate,not_reported,CNS_brain,neuro,photon,x-ray_whole_brain,single_fraction,macropulse_RF_linac_not_fully_extractable,10.0,single_fraction,1.0,10.0,213.0,,,,,,0.047,0.033
The Impacts of FLASH Radiation Therapy and Conventional Radiation Therapy on the Cognitive Abilities of Mice,He_2026_F2,1,mouse,male,injectable_barbiturate,not_reported,CNS_brain,neuro,photon,x-ray_whole_brain,single_fraction,macropulse_RF_linac_not_fully_extractable,20.0,single_fraction,1.0,20.0,213.0,,,,,,0.091,0.033
The Sparing Effect of Multibeam Ultra-High Dose-Rate Irradiation on Intestinal Tissue in Mice,Wang_2026_BW_8Gy_1beam,1,mouse,male,not_reported,not_reported,GI_abdomen,weight,electron,pulsed_electron_FLASH,single_or_multibeam_whole_abdomen,pulsed_multibeam_1min_inter_beam_interval,8.0,single_fraction,1.0,8.0,600.0,,300.0,,4.0,2.0,0.01333,
The Sparing Effect of Multibeam Ultra-High Dose-Rate Irradiation on Intestinal Tissue in Mice,Wang_2026_Surv_9Gy_1beam,0,mouse,male,not_reported,not_reported,GI_abdomen,survival,electron,pulsed_electron_FLASH,single_or_multibeam_whole_abdomen,pulsed_multibeam_1min_inter_beam_interval,9.0,single_fraction,1.0,9.0,750.0,,500.0,,3.0,1.5,0.012,
The Sparing Effect of Multibeam Ultra-High Dose-Rate Irradiation on Intestinal Tissue in Mice,Wang_2026_Surv_9Gy_2beam,1,mouse,male,not_reported,not_reported,GI_abdomen,survival,electron,pulsed_electron_FLASH,single_or_multibeam_whole_abdomen,pulsed_multibeam_1min_inter_beam_interval,9.0,single_fraction,1.0,9.0,750.0,,500.0,,6.0,1.5,0.012,
The Sparing Effect of Multibeam Ultra-High Dose-Rate Irradiation on Intestinal Tissue in Mice,Wang_2026_Surv_10Gy_1beam,1,mouse,male,not_reported,not_reported,GI_abdomen,survival,electron,pulsed_electron_FLASH,single_or_multibeam_whole_abdomen,pulsed_multibeam_1min_inter_beam_interval,10.0,single_fraction,1.0,10.0,784.0,,560.0,,8.0,1.25,0.01276,
The Sparing Effect of Multibeam Ultra-High Dose-Rate Irradiation on Intestinal Tissue in Mice,Wang_2026_Surv_11Gy_1beam,1,mouse,male,not_reported,not_reported,GI_abdomen,survival,electron,pulsed_electron_FLASH,single_or_multibeam_whole_abdomen,pulsed_multibeam_1min_inter_beam_interval,11.0,single_fraction,1.0,11.0,550.0,,250.0,,5.0,2.2,0.02,
The Sparing Effect of Multibeam Ultra-High Dose-Rate Irradiation on Intestinal Tissue in Mice,Wang_2026_Surv_12Gy_1beam,1,mouse,male,not_reported,not_reported,GI_abdomen,survival,electron,pulsed_electron_FLASH,single_or_multibeam_whole_abdomen,pulsed_multibeam_1min_inter_beam_interval,12.0,single_fraction,1.0,12.0,750.0,,250.0,,4.0,3.0,0.016,
The Sparing Effect of Multibeam Ultra-High Dose-Rate Irradiation on Intestinal Tissue in Mice,Wang_2026_Surv_12Gy_2beam,1,mouse,male,not_reported,not_reported,GI_abdomen,survival,electron,pulsed_electron_FLASH,single_or_multibeam_whole_abdomen,pulsed_multibeam_1min_inter_beam_interval,12.0,single_fraction,1.0,12.0,750.0,,250.0,,4.0,3.0,0.016,
The Sparing Effect of Multibeam Ultra-High Dose-Rate Irradiation on Intestinal Tissue in Mice,Wang_2026_Crypt_12Gy_1beam,1,mouse,male,not_reported,not_reported,GI_abdomen,GI_crypt,electron,pulsed_electron_FLASH,single_or_multibeam_whole_abdomen,pulsed_multibeam_1min_inter_beam_interval,12.0,single_fraction,1.0,12.0,750.0,,250.0,,4.0,3.0,0.016,
The Sparing Effect of Multibeam Ultra-High Dose-Rate Irradiation on Intestinal Tissue in Mice,Wang_2026_Crypt_12Gy_2beam,1,mouse,male,not_reported,not_reported,GI_abdomen,GI_crypt,electron,pulsed_electron_FLASH,single_or_multibeam_whole_abdomen,pulsed_multibeam_1min_inter_beam_interval,12.0,single_fraction,1.0,12.0,750.0,,250.0,,4.0,3.0,0.016,
The Sparing Effect of Multibeam Ultra-High Dose-Rate Irradiation on Intestinal Tissue in Mice,Wang_2026_Crypt_12Gy_4beam,1,mouse,male,not_reported,not_reported,GI_abdomen,GI_crypt,electron,pulsed_electron_FLASH,single_or_multibeam_whole_abdomen,pulsed_multibeam_1min_inter_beam_interval,12.0,single_fraction,1.0,12.0,750.0,,250.0,,4.0,3.0,0.016,
Time-dependent alterations in brain metabolites and gut microbiota following whole-brain FLASH versus conventional radiotherapy in mice,BrainMeta_FLASH_WBI_HEX_10MV,1,mouse,male,injectable_barbiturate,not_reported,CNS_brain,neuro,photon,xray_MV_macropulse,single_fraction_whole_brain,pulsed_macropulse_duration_adjusted_for_dose,20.0,single_fraction,1.0,20.0,200.0,200.0,,,,,0.1,0.0333
Timescale of FLASH Sparing Effect Determined by Varying Temporal Split of Dose Delivery in Mice,Sunnerberg_2026_F1,1,mouse,male,isoflurane,normoxia_ambient,normal_tissue,skin,electron,pulsed_electron_beam,pulsed_single_beam,single_UHDR_beam,25.0,single_fraction,1.0,25.0,415.0,295000.0,360.0,3.8,22.0,1.12,0.0611,0.153
Timescale of FLASH Sparing Effect Determined by Varying Temporal Split of Dose Delivery in Mice,Sunnerberg_2026_F2,1,mouse,male,isoflurane,normoxia_ambient,normal_tissue,skin,electron,pulsed_electron_beam,pulsed_split_beam,two_UHDR_sub_beams_0.1s_gap,25.0,intra-session_split,1.0,12.5,150.0,295000.0,360.0,3.8,22.0,1.12,0.1611,0.153
Timescale of FLASH Sparing Effect Determined by Varying Temporal Split of Dose Delivery in Mice,Sunnerberg_2026_F3,1,mouse,male,isoflurane,normoxia_ambient,normal_tissue,skin,electron,pulsed_electron_beam,pulsed_split_beam,two_UHDR_sub_beams_1.0s_gap,25.0,intra-session_split,1.0,12.5,20.0,295000.0,360.0,3.8,22.0,1.12,1.0611,0.153
Timescale of FLASH Sparing Effect Determined by Varying Temporal Split of Dose Delivery in Mice,Sunnerberg_2026_F4,1,mouse,male,isoflurane,normoxia_ambient,normal_tissue,skin,electron,pulsed_electron_beam,pulsed_split_beam,two_UHDR_sub_beams_5.0s_gap,25.0,intra-session_split,1.0,12.5,4.0,295000.0,360.0,3.8,22.0,1.12,5.0611,0.153
Timescale of FLASH Sparing Effect Determined by Varying Temporal Split of Dose Delivery in Mice,Sunnerberg_2026_F5,1,mouse,male,isoflurane,normoxia_ambient,normal_tissue,skin,electron,pulsed_electron_beam,pulsed_split_beam,two_UHDR_sub_beams_15.0s_gap,25.0,intra-session_split,1.0,12.5,1.66,295000.0,360.0,3.8,22.0,1.12,15.0611,0.153
Timescale of FLASH Sparing Effect Determined by Varying Temporal Split of Dose Delivery in Mice,Sunnerberg_2026_F6,0,mouse,male,isoflurane,normoxia_ambient,normal_tissue,skin,electron,pulsed_electron_beam,pulsed_split_beam,two_UHDR_sub_beams_25.0s_gap,25.0,intra-session_split,1.0,12.5,1.0,295000.0,360.0,3.8,22.0,1.12,25.0611,0.153
Timescale of FLASH Sparing Effect Determined by Varying Temporal Split of Dose Delivery in Mice,Sunnerberg_2026_F7,0,mouse,male,isoflurane,normoxia_ambient,normal_tissue,skin,electron,pulsed_electron_beam,pulsed_split_beam,two_UHDR_sub_beams_120.0s_gap,25.0,intra-session_split,1.0,12.5,0.21,295000.0,360.0,3.8,22.0,1.12,120.0611,0.153
Ultra high dose rate (35 Gy/sec) radiation does not spare the normal tissue in cardiac and splenic models of lymphopenia and gastrointestinal syndrome,Venkatesulu_2019_Cardiac_5x2Gy,0,mouse,female,not_reported,not_reported,lymphoid_hematologic,immune,electron,external_beam_electron,external_beam,not_reported,10.0,multi-day_fractionated,5.0,2.0,35.0,27771.4,360.0,3.5,20.6,0.0972,0.2857142857142857,0.1
Ultra high dose rate (35 Gy/sec) radiation does not spare the normal tissue in cardiac and splenic models of lymphopenia and gastrointestinal syndrome,Venkatesulu_2019_Cardiac_1x8Gy,0,mouse,female,not_reported,not_reported,lymphoid_hematologic,immune,electron,external_beam_electron,external_beam,not_reported,8.0,single_fraction,1.0,8.0,35.0,27771.4,360.0,3.5,82.3,0.0972,0.2285714285714285,0.1
Ultra high dose rate (35 Gy/sec) radiation does not spare the normal tissue in cardiac and splenic models of lymphopenia and gastrointestinal syndrome,Venkatesulu_2019_Splenic_5x1Gy,0,mouse,male,not_reported,not_reported,lymphoid_hematologic,immune,electron,external_beam_electron,external_beam,not_reported,5.0,multi-day_fractionated,5.0,1.0,35.0,27771.4,360.0,3.5,10.3,0.0972,0.1428571428571428,0.1
Ultra high dose rate (35 Gy/sec) radiation does not spare the normal tissue in cardiac and splenic models of lymphopenia and gastrointestinal syndrome,Venkatesulu_2019_Splenic_1x5Gy,0,mouse,male,not_reported,not_reported,lymphoid_hematologic,immune,electron,external_beam_electron,external_beam,not_reported,5.0,single_fraction,1.0,5.0,35.0,27771.4,360.0,3.5,51.4,0.0972,0.1428571428571428,0.1
Ultra high dose rate (35 Gy/sec) radiation does not spare the normal tissue in cardiac and splenic models of lymphopenia and gastrointestinal syndrome,Venkatesulu_2019_Abdominal_GI_16Gy,0,mouse,female,not_reported,not_reported,GI_normal_tissue,GI_crypt,electron,external_beam_electron,external_beam,not_reported,16.0,single_fraction,1.0,16.0,35.0,27771.4,360.0,3.5,164.6,0.0972,0.4571428571428571,0.1
Ultra-high dose rate radiotherapy overcomes radioresistance in head and neck squamous cell carcinoma,Li_2025_HNSCC_MOC1_radiosensitive_4Gy,0,mouse,female,not_reported,not_reported,tumor,(blank),photon,HEX_bremsstrahlung_pulsed,single_fraction,not_reported,4.0,single_fraction,1.0,4.0,88.0,176.0,,,,,,0.0516
Ultra-high dose rate radiotherapy overcomes radioresistance in head and neck squamous cell carcinoma,Li_2025_HNSCC_MOC1R_radioresistant_4Gy,0,mouse,female,not_reported,not_reported,tumor,(blank),photon,HEX_bremsstrahlung_pulsed,single_fraction,not_reported,4.0,single_fraction,1.0,4.0,88.0,176.0,,,,,,0.0516
Ultra-high dose rate radiotherapy overcomes radioresistance in head and neck squamous cell carcinoma,Li_2025_HNSCC_MOC1R_abscopal_contralateral,0,mouse,female,not_reported,not_reported,tumor,(blank),photon,HEX_bremsstrahlung_pulsed,single_fraction,not_reported,4.0,single_fraction,1.0,4.0,88.0,176.0,,,,,,0.0516
Ultra-high dose rate radiotherapy overcomes radioresistance in head and neck squamous cell carcinoma,Li_2025_HNSCC_laryngeal_PDX_nude,0,mouse,not_reported,not_reported,not_reported,tumor,(blank),photon,HEX_bremsstrahlung_pulsed,single_fraction,not_reported,4.0,single_fraction,1.0,4.0,88.0,176.0,,,,,,0.0516
Ultra-high dose rate radiotherapy overcomes radioresistance in head and neck squamous cell carcinoma,Li_2025_HNSCC_MOC1R_UHDR_antiPD1,0,mouse,female,not_reported,not_reported,tumor,(blank),photon,HEX_bremsstrahlung_pulsed,single_fraction,not_reported,4.0,single_fraction,1.0,4.0,88.0,176.0,,,,,,0.0516
Ultra-high dose rate radiotherapy overcomes radioresistance in head and neck squamous cell carcinoma,Li_2025_HNSCC_MOC1R_UHDR_antiCD8a,0,mouse,female,not_reported,not_reported,tumor,(blank),photon,HEX_bremsstrahlung_pulsed,single_fraction,not_reported,4.0,single_fraction,1.0,4.0,88.0,176.0,,,,,,0.0516
Ultra-high dose rate radiotherapy overcomes radioresistance in head and neck squamous cell carcinoma,Li_2025_HNSCC_MOC1R_UHDR_antiCSF1R,0,mouse,female,not_reported,not_reported,tumor,(blank),photon,HEX_bremsstrahlung_pulsed,single_fraction,not_reported,4.0,single_fraction,1.0,4.0,88.0,176.0,,,,,,0.0516
Ultra-high dose-rate proton FLASH improves tumor control,Shukla_2023_LLC_orthotopic_proton_FLASH_vs_CONV_15Gy_singlefx,0,mouse,male_and_female,isoflurane,normoxia_ambient,tumor,lung,proton,proton_PBS,pencil_beam_scanning,not_reported,15.0,single_fraction,1.0,15.0,60.0,,,,,,,0.05
Ultra-High-Dose-Rate FLASH Irradiation Limits Reactive Gliosis in the Brain,MontayGrel_2021_Gliosis_FLASH_10Gy_WBI,1,mouse,female,isoflurane,not_reported,CNS_brain,neuro,electron,pulsed_electron_beam,single_fraction_whole_brain,single_pulse_ultra_UHDR,10.0,single_fraction,1.0,10.0,5555556.0,5555556.0,555555.6,1.8,1.0,10.0,1.8e-06,0.03
Ultrahigh dose-rate FLASH irradiation increases the differential response between normal and tumor tissue in mice,Favaudon_2014_Lung_17Gy_fibrosis,1,mouse,female,not_reported_for_irradiation,normoxia_ambient,normal_tissue,lung,electron,pulsed_electron_beam,external_beam,short_pulses_total_lt500ms,17.0,single_fraction,1.0,17.0,200.0,1000000.0,100.0,1.8,8.5,2.0,0.085,0.03
Ultrahigh dose-rate FLASH irradiation increases the differential response between normal and tumor tissue in mice,Favaudon_2014_Lung_20Gy_FLASH,1,mouse,female,not_reported_for_irradiation,normoxia_ambient,normal_tissue,lung,electron,pulsed_electron_beam,external_beam,short_pulses_total_lt500ms,20.0,single_fraction,1.0,20.0,200.0,1000000.0,100.0,1.8,10.0,2.0,0.1,0.03
Ultrahigh dose-rate FLASH irradiation increases the differential response between normal and tumor tissue in mice,Favaudon_2014_Lung_23Gy_toxicity_escalation,0,mouse,female,not_reported_for_irradiation,normoxia_ambient,normal_tissue,lung,electron,pulsed_electron_beam,external_beam,short_pulses_total_lt500ms,23.0,single_fraction,1.0,23,200.0,1000000.0,100.0,1.8,,2.0,0.115,0.03
Ultrahigh dose-rate FLASH irradiation increases the differential response between normal and tumor tissue in mice,Favaudon_2014_Lung_apoptosis_17Gy_FLASH,1,mouse,female,not_reported_for_irradiation,normoxia_ambient,normal_tissue,lung,electron,pulsed_electron_beam,external_beam,short_pulses_total_lt500ms,17.0,single_fraction,1.0,17.0,200.0,1000000.0,100.0,1.8,8.5,2.0,0.085,0.03
Ultrahigh dose-rate FLASH irradiation increases the differential response between normal and tumor tissue in mice,Favaudon_2014_Lung_30Gy_fibrosis_isoeffect,1,mouse,female,not_reported_for_irradiation,normoxia_ambient,normal_tissue,lung,electron,pulsed_electron_beam,external_beam,short_pulses_total_lt500ms,30.0,single_fraction,1.0,30.0,200.0,1000000.0,100.0,1.8,15.0,2.0,0.15,0.03
Ultrahigh dose-rate FLASH irradiation increases the differential response between normal and tumor tissue in mice,Favaudon_2014_HBCx12A_17Gy_2fx,0,mouse,female,not_reported_for_irradiation,normoxia_ambient,tumor,(blank),electron,pulsed_electron_beam,external_beam,short_pulses_total_lt500ms,17.0,multi-day_fractionated,2.0,8.5,200.0,1000000.0,100.0,1.8,4.25,2.0,0.085,0.03
Ultrahigh dose-rate FLASH irradiation increases the differential response between normal and tumor tissue in mice,Favaudon_2014_HEp2_15Gy_FLASH,0,mouse,female,not_reported_for_irradiation,normoxia_ambient,tumor,(blank),electron,pulsed_electron_beam,external_beam,short_pulses_total_lt500ms,15.0,single_fraction,1.0,15.0,200.0,1000000.0,100.0,1.8,7.5,2.0,0.075,0.012
Ultrahigh dose-rate FLASH irradiation increases the differential response between normal and tumor tissue in mice,Favaudon_2014_HEp2_20Gy_FLASH,0,mouse,female,not_reported_for_irradiation,normoxia_ambient,tumor,(blank),electron,pulsed_electron_beam,external_beam,short_pulses_total_lt500ms,20.0,single_fraction,1.0,20.0,200.0,1000000.0,100.0,1.8,10.0,2.0,0.1,0.012
Ultrahigh dose-rate FLASH irradiation increases the differential response between normal and tumor tissue in mice,Favaudon_2014_HEp2_25Gy_FLASH,0,mouse,female,not_reported_for_irradiation,normoxia_ambient,tumor,(blank),electron,pulsed_electron_beam,external_beam,short_pulses_total_lt500ms,25.0,single_fraction,1.0,25.0,200.0,1000000.0,100.0,1.8,12.5,2.0,0.125,0.012
Ultrahigh dose-rate FLASH irradiation increases the differential response between normal and tumor tissue in mice,Favaudon_2014_TC1_orthotopic_15Gy_FLASH,0,mouse,female,not_reported_for_irradiation,normoxia_ambient,tumor_and_normal_tissue,lung,electron,pulsed_electron_beam,external_beam,short_pulses_total_lt500ms,15.0,single_fraction,1.0,15.0,200.0,1000000.0,100.0,1.8,7.5,2.0,0.075,0.03
Ultrahigh dose-rate FLASH irradiation increases the differential response between normal and tumor tissue in mice,Favaudon_2014_TC1_orthotopic_28Gy_FLASH,1,mouse,female,not_reported_for_irradiation,normoxia_ambient,tumor_and_normal_tissue,lung,electron,pulsed_electron_beam,external_beam,short_pulses_total_lt500ms,28.0,single_fraction,1.0,28.0,200.0,1000000.0,100.0,1.8,14.0,2.0,0.14,0.03
Unraveling the effects of FLASH and conventional irradiation on retinal pigment epithelial cells: in vitro and in vivo studies,DiMarco_2025_RPE_WBI_10Gy,0,mouse,male_and_female,not_reported_for_irradiation,not_reported,CNS_retina,neuro,electron,pulsed_electron_beam,single_fraction_whole_brain,pulsed,10.0,single_fraction,1.0,10.0,940.0,,188.0,,,5.0,0.0106382978723404,0.05
Unraveling the effects of FLASH and conventional irradiation on retinal pigment epithelial cells: in vitro and in vivo studies,DiMarco_2025_RPE_WBI_15Gy,1,mouse,male_and_female,not_reported_for_irradiation,not_reported,CNS_retina,neuro,electron,pulsed_electron_beam,single_fraction_whole_brain,pulsed,15.0,single_fraction,1.0,15.0,940.0,,188.0,,,5.0,0.0159574468085106,0.05
Unraveling the effects of FLASH and conventional irradiation on retinal pigment epithelial cells: in vitro and in vivo studies,DiMarco_2025_RPE_WBI_20Gy,0,mouse,male_and_female,not_reported_for_irradiation,not_reported,CNS_retina,neuro,electron,pulsed_electron_beam,single_fraction_whole_brain,pulsed,20.0,single_fraction,1.0,20.0,940.0,,188.0,,,5.0,0.0212765957446808,0.05
Whole Abdominal Pencil Beam Scanned Proton FLASH Increases Acute Lethality,WAbdPBS_2024_Survival_14Gy,0,mouse,male_and_female,isoflurane,normoxia_ambient,GI_abdomen,GI_crypt,proton,pencil_beam_scanning_PBS_transmission_no_repainting,single_fraction_right_lateral_PBS,pulsed_PBS_continuous_scanning,14.0,single_fraction,1.0,14.0,82.01,,,,,,0.171,0.59
Whole Abdominal Pencil Beam Scanned Proton FLASH Increases Acute Lethality,WAbdPBS_2024_Histology_13Gy_25x4cm,0,mouse,male_and_female,isoflurane,normoxia_ambient,GI_abdomen,GI_crypt,proton,pencil_beam_scanning_PBS_transmission_no_repainting,single_fraction_right_lateral_PBS,pulsed_PBS_continuous_scanning,13.0,single_fraction,1.0,13.0,80.05,,,,,,0.163,0.56
Whole Abdominal Pencil Beam Scanned Proton FLASH Increases Acute Lethality,WAbdPBS_2024_Histology_12Gy_25x3cm,0,mouse,male_and_female,isoflurane,normoxia_ambient,GI_abdomen,GI_crypt,proton,pencil_beam_scanning_PBS_transmission_no_repainting,single_fraction_right_lateral_PBS,pulsed_PBS_continuous_scanning,12.0,single_fraction,1.0,12.0,89.44,,,,,,0.135,0.78
Whole Abdominal Pencil Beam Scanned Proton FLASH Increases Acute Lethality,WAbdPBS_2024_Histology_13Gy_2x3cm,0,mouse,male_and_female,isoflurane,normoxia_ambient,GI_abdomen,GI_crypt,proton,pencil_beam_scanning_PBS_transmission_no_repainting,single_fraction_right_lateral_PBS,pulsed_PBS_continuous_scanning,13.0,single_fraction,1.0,13.0,107.0,,,,,,0.12,0.92
Whole Abdominal Pencil Beam Scanned Proton FLASH Increases Acute Lethality,WAbdPBS_2024_Histology_14Gy_25x4cm,0,mouse,male_and_female,isoflurane,normoxia_ambient,GI_abdomen,GI_crypt,proton,pencil_beam_scanning_PBS_transmission_no_repainting,single_fraction_right_lateral_PBS,pulsed_PBS_continuous_scanning,14.0,single_fraction,1.0,14.0,81.05,,,,,,0.173,0.58
Whole Abdominal Pencil Beam Scanned Proton FLASH Increases Acute Lethality,WAbdPBS_2024_Histology_15Gy_25x4cm,0,mouse,male_and_female,isoflurane,normoxia_ambient,GI_abdomen,GI_crypt,proton,pencil_beam_scanning_PBS_transmission_no_repainting,single_fraction_right_lateral_PBS,pulsed_PBS_continuous_scanning,15.0,single_fraction,1.0,15.0,79.44,,,,,,0.191,0.57
Whole Abdominal Pencil Beam Scanned Proton FLASH Increases Acute Lethality,WAbdPBS_2024_LateFilbrosis_13Gy_25x4cm_8mo,0,mouse,male_and_female,isoflurane,normoxia_ambient,GI_abdomen,GI_crypt,proton,pencil_beam_scanning_PBS_transmission_no_repainting,single_fraction_right_lateral_PBS,pulsed_PBS_continuous_scanning,13.0,single_fraction,1.0,13.0,80.0,,,,,,,0.6
FLASH radiotherapy spares lymphocytes in tumor-draining lymph nodes and increases infiltration of immune cells in tumors,Saenz_2025_mEER_FLASH_3x9Gy_immune,1,mouse,female,,normoxia_ambient,lymphoid_immune_system,immune,electron,electron_FLASH,pulsed,pulsed,27.0,multi-day_fractionated,3.0,9.0,40.0,,90.0,,9.0,3.0,0.1,0.25
Systematic tissue oxygen variation shows the modulation of murine skin radiation toxicity at ultra-high dose rates,Hunter_2026_skin_full_vascular_compression_25Gy_anoxic,0,mouse,male,isoflurane,hypoxic_anoxic,normal_skin,skin,electron,electron_FLASH,pulsed,pulsed,25.0,single_fraction,1.0,25.0,248.0,776000.0,90.0,3.2,10.0,2.48,0.1042,0.16
Systematic tissue oxygen variation shows the modulation of murine skin radiation toxicity at ultra-high dose rates,Hunter_2026_skin_partial_vascular_compression_25Gy_hypoxic,1,mouse,male,isoflurane,hypoxic_anoxic,normal_skin,skin,electron,electron_FLASH,pulsed,pulsed,25.0,single_fraction,1.0,25.0,248.0,776000.0,90.0,3.2,10.0,2.48,0.1042,0.16
Systematic tissue oxygen variation shows the modulation of murine skin radiation toxicity at ultra-high dose rates,Hunter_2026_skin_room_air_25Gy,1,mouse,male,isoflurane,normoxia_ambient,normal_skin,skin,electron,electron_FLASH,pulsed,pulsed,25.0,single_fraction,1.0,25.0,248.0,776000.0,90.0,3.2,10.0,2.48,0.1042,0.16
Systematic tissue oxygen variation shows the modulation of murine skin radiation toxicity at ultra-high dose rates,Hunter_2026_skin_100pct_O2_25Gy,1,mouse,male,isoflurane,hyperoxic,normal_skin,skin,electron,electron_FLASH,pulsed,pulsed,25.0,single_fraction,1.0,25.0,248.0,776000.0,90.0,3.2,10.0,2.48,0.1042,0.16
Systematic tissue oxygen variation shows the modulation of murine skin radiation toxicity at ultra-high dose rates,Hunter_2026_skin_carbogen_25Gy_hyperoxic,0,mouse,male,isoflurane,hyperoxic,normal_skin,skin,electron,electron_FLASH,pulsed,pulsed,25.0,single_fraction,1.0,25.0,248.0,776000.0,90.0,3.2,10.0,2.48,0.1042,0.16
Systematic tissue oxygen variation shows the modulation of murine skin radiation toxicity at ultra-high dose rates,Hunter_2026_skin_carbogen_20Gy_hyperoxic,0,mouse,male,isoflurane,hyperoxic,normal_skin,skin,electron,electron_FLASH,pulsed,pulsed,20.0,single_fraction,1.0,20.0,230.0,791000.0,90.0,3.2,8.0,2.55,0.0833,0.16
Systematic tissue oxygen variation shows the modulation of murine skin radiation toxicity at ultra-high dose rates,Hunter_2026_skin_carbogen_15Gy_hyperoxic,0,mouse,male,isoflurane,hyperoxic,normal_skin,skin,electron,electron_FLASH,pulsed,pulsed,15.0,single_fraction,1.0,15.0,234.0,706000.0,90.0,3.7,6.0,2.61,0.0625,0.16
Unraveling the Redox Mechanisms Underlying FLASH Radiotherapy: Critical Dose Thresholds and NRF2-Driven Tissue Sparing,Zhang_2025_intestine_F6_900Gys,0,mouse,female,,,normal_GI,GI_crypt,electron,electron_FLASH,pulsed,pulsed,6.0,single_fraction,1.0,6.0,900.0,1000000.0,300.0,3.0,2.0,3.0,0.006667,0.1
Unraveling the Redox Mechanisms Underlying FLASH Radiotherapy: Critical Dose Thresholds and NRF2-Driven Tissue Sparing,Zhang_2025_intestine_F9_900Gys,0,mouse,female,,,normal_GI,GI_crypt,electron,electron_FLASH,pulsed,pulsed,9.0,single_fraction,1.0,9.0,900.0,1000000.0,300.0,3.0,3.0,3.0,0.01,0.1
Unraveling the Redox Mechanisms Underlying FLASH Radiotherapy: Critical Dose Thresholds and NRF2-Driven Tissue Sparing,Zhang_2025_intestine_F12_900Gys,0,mouse,female,,,normal_GI,GI_crypt,electron,electron_FLASH,pulsed,pulsed,12.0,single_fraction,1.0,12.0,900.0,1000000.0,300.0,3.0,4.0,3.0,0.013333,0.1
Unraveling the Redox Mechanisms Underlying FLASH Radiotherapy: Critical Dose Thresholds and NRF2-Driven Tissue Sparing,Zhang_2025_intestine_F15_900Gys,1,mouse,female,,,normal_GI,GI_crypt,electron,electron_FLASH,pulsed,pulsed,15.0,single_fraction,1.0,15.0,900.0,1000000.0,300.0,3.0,5.0,3.0,0.016667,0.1
Unraveling the Redox Mechanisms Underlying FLASH Radiotherapy: Critical Dose Thresholds and NRF2-Driven Tissue Sparing,Zhang_2025_intestine_F15_40Gys,0,mouse,female,,,normal_GI,GI_crypt,electron,electron_FLASH,pulsed,pulsed,15.0,single_fraction,1.0,15.0,40.0,1000000.0,13.33,3.0,5.0,3.0,0.375,0.1
Unraveling the Redox Mechanisms Underlying FLASH Radiotherapy: Critical Dose Thresholds and NRF2-Driven Tissue Sparing,Zhang_2025_intestine_F15_100Gys,1,mouse,female,,,normal_GI,GI_crypt,electron,electron_FLASH,pulsed,pulsed,15.0,single_fraction,1.0,15.0,100.0,1000000.0,33.33,3.0,5.0,3.0,0.15,0.1
Unraveling the Redox Mechanisms Underlying FLASH Radiotherapy: Critical Dose Thresholds and NRF2-Driven Tissue Sparing,Zhang_2025_intestine_F15_200Gys,1,mouse,female,,,normal_GI,GI_crypt,electron,electron_FLASH,pulsed,pulsed,15.0,single_fraction,1.0,15.0,200.0,1000000.0,66.67,3.0,5.0,3.0,0.075,0.1
Unraveling the Redox Mechanisms Underlying FLASH Radiotherapy: Critical Dose Thresholds and NRF2-Driven Tissue Sparing,Zhang_2025_intestine_F15_750Gys,1,mouse,female,,,normal_GI,GI_crypt,electron,electron_FLASH,pulsed,pulsed,15.0,single_fraction,1.0,15.0,750.0,1000000.0,250.0,3.0,5.0,3.0,0.02,0.1
Unraveling the Redox Mechanisms Underlying FLASH Radiotherapy: Critical Dose Thresholds and NRF2-Driven Tissue Sparing,Zhang_2025_intestine_F15_150Gys_LowPD_0.5Gy,1,mouse,female,,,normal_GI,GI_crypt,electron,electron_FLASH,pulsed,pulsed,15.0,single_fraction,1.0,15.0,150.0,200000.0,300.0,2.5,30.0,0.5,0.1,0.1
Unraveling the Redox Mechanisms Underlying FLASH Radiotherapy: Critical Dose Thresholds and NRF2-Driven Tissue Sparing,Zhang_2025_intestine_F15_150Gys_HighPD_3Gy,1,mouse,female,,,normal_GI,GI_crypt,electron,electron_FLASH,pulsed,pulsed,15.0,single_fraction,1.0,15.0,150.0,1000000.0,50.0,3.0,5.0,3.0,0.1,0.1
Unraveling the Redox Mechanisms Underlying FLASH Radiotherapy: Critical Dose Thresholds and NRF2-Driven Tissue Sparing,Zhang_2025_intestine_F9_150Gys_LowPD_0.5Gy,0,mouse,female,,,normal_GI,GI_crypt,electron,electron_FLASH,pulsed,pulsed,9.0,single_fraction,1.0,9.0,150.0,125000.0,300.0,4.0,18.0,0.5,0.06,0.1
Unraveling the Redox Mechanisms Underlying FLASH Radiotherapy: Critical Dose Thresholds and NRF2-Driven Tissue Sparing,Zhang_2025_intestine_F9_150Gys_HighPD_3Gy,0,mouse,female,,,normal_GI,GI_crypt,electron,electron_FLASH,pulsed,pulsed,9.0,single_fraction,1.0,9.0,150.0,705000.0,50.0,4.26,3.0,3.0,0.06,0.1
Unraveling the Redox Mechanisms Underlying FLASH Radiotherapy: Critical Dose Thresholds and NRF2-Driven Tissue Sparing,Zhang_2025_intestine_F3C12_mixed,0,mouse,female,,,normal_GI,GI_crypt,electron,electron_FLASH_CONV_mixed,pulsed,pulsed,15.0,single_fraction,1.0,15.0,750.0,1000000.0,250.0,3.0,1.0,3.0,0.004,0.1
Unraveling the Redox Mechanisms Underlying FLASH Radiotherapy: Critical Dose Thresholds and NRF2-Driven Tissue Sparing,Zhang_2025_intestine_C9F1_mixed,0,mouse,female,,,normal_GI,GI_crypt,electron,electron_FLASH_CONV_mixed,pulsed,pulsed,10.0,single_fraction,1.0,10.0,750.0,1000000.0,250.0,3.0,0.33,3.0,0.001333,0.1
FLASH Proton Radiation Therapy Mitigates Inflammatory and Fibrotic Pathways and Preserves Cardiac Function in a Preclinical Mouse Model of Radiation-Induced Heart Disease,Kim_2024_Heart_apex_proton_FLASH_40Gy_singlefx,1,mouse,female,isoflurane,normoxia_ambient,heart,cardiac,proton,single_scattered_proton_transmission,transmission_shoot_through,pulsed,40.0,single_fraction,1.0,40.0,122.65,,,,,,0.326,0.84
Localized Normal Tissue-Sparing Effects of Proton FLASH Radiotherapy in a Preclinical Lung Irradiation Model,Lee_2025_Lung_localized_proton_FLASH_60Gy_singlefx,1,mouse,male,unknown,normoxia_ambient,lung,lung,proton,single_spot_transmission,transmission_beam_single_spot,pulsed,60.0,single_fraction,1.0,60.0,500.0,,,,,,0.12,2.0
"Photon FLASH spares radiation-induced changes in cardiac function, remodelling and arrythmia in a preclinical model",Ghita_2026_FLASH_SinglePulse_Heart_18.5Gy,1,mouse,female,isoflurane,normoxia_ambient,cardiac,cardiac,photon,single_pulse_photon_kV_FLASH,single_fraction_whole_heart,single_pulse_250ms,18.5,single_fraction,1.0,18.5,75.9,75.9,,250000.0,1.0,18.5,0.25,0.05667
"Photon FLASH spares radiation-induced changes in cardiac function, remodelling and arrythmia in a preclinical model",Ghita_2026_FSD_SplitDose_Heart_18.6Gy,0,mouse,female,isoflurane,normoxia_ambient,cardiac,cardiac,photon,split_dose_photon_kV_FLASH_2pulses_8-10s_apart,single_fraction_whole_heart,2_macropulses_125ms_each_8-10s_inter-pulse,18.6,single_fraction,1.0,18.6,2.8,75.9,,125000.0,2.0,,9.0,0.05667
Preclinical Ultra-High Dose Rate (FLASH) Proton Radiation Therapy System for Small Animal Studies,Cao_2024_Pelvis_FLASH_18p5Gy_single,1,mouse,female,ketamine,not_reported,normal_tissue,GI_crypt,proton,scattered_proton_entrance,single_fraction,quasi_continuous,18.5,single_fraction,1.0,18.5,65.0,,,,,,,0.8
Towards Clinical Translation: Establishing Optimal Dose and Dose-Rate Parameters for the FLASH Skin-Sparing Effect,Shen_2025_F1,1,mouse,male,injectable_tribromoethanol,not_reported,normal_tissue,skin,electron,pulsed_electron_beam,single_fraction,pulsed_3.5us_macropulse,18.0,single_fraction,1.0,18.0,250.0,,,3.5,,,0.072,0.1
Towards Clinical Translation: Establishing Optimal Dose and Dose-Rate Parameters for the FLASH Skin-Sparing Effect,Shen_2025_F2,1,mouse,male,injectable_tribromoethanol,not_reported,normal_tissue,skin,electron,pulsed_electron_beam,single_fraction,pulsed_3.5us_macropulse,20.0,single_fraction,1.0,20.0,250.0,,,3.5,,,0.08,0.1
Towards Clinical Translation: Establishing Optimal Dose and Dose-Rate Parameters for the FLASH Skin-Sparing Effect,Shen_2025_F3,1,mouse,male,injectable_tribromoethanol,not_reported,normal_tissue,skin,electron,pulsed_electron_beam,single_fraction,pulsed_3.5us_macropulse,22.0,single_fraction,1.0,22.0,250.0,,,3.5,,,0.088,0.1
Towards Clinical Translation: Establishing Optimal Dose and Dose-Rate Parameters for the FLASH Skin-Sparing Effect,Shen_2025_F4,0,mouse,male,injectable_tribromoethanol,not_reported,normal_tissue,skin,electron,pulsed_electron_beam,single_fraction,pulsed_3.5us_macropulse,24.0,single_fraction,1.0,24.0,250.0,,,3.5,,,0.096,0.1
Towards Clinical Translation: Establishing Optimal Dose and Dose-Rate Parameters for the FLASH Skin-Sparing Effect,Shen_2025_F5,0,mouse,male,injectable_tribromoethanol,not_reported,normal_tissue,skin,electron,pulsed_electron_beam,single_fraction,pulsed_3.5us_macropulse,20.0,single_fraction,1.0,20.0,40.0,,,3.5,,,0.5,0.1
Towards Clinical Translation: Establishing Optimal Dose and Dose-Rate Parameters for the FLASH Skin-Sparing Effect,Shen_2025_F6,0,mouse,male,injectable_tribromoethanol,not_reported,normal_tissue,skin,electron,pulsed_electron_beam,single_fraction,pulsed_3.5us_macropulse,20.0,single_fraction,1.0,20.0,100.0,,,3.5,,,0.2,0.1
Towards Clinical Translation: Establishing Optimal Dose and Dose-Rate Parameters for the FLASH Skin-Sparing Effect,Shen_2025_F7,0,mouse,male,injectable_tribromoethanol,not_reported,normal_tissue,skin,electron,pulsed_electron_beam,single_fraction,pulsed_3.5us_macropulse,20.0,single_fraction,1.0,20.0,200.0,,,3.5,,,0.1,0.1
Towards Clinical Translation: Establishing Optimal Dose and Dose-Rate Parameters for the FLASH Skin-Sparing Effect,Shen_2025_F8,1,mouse,male,injectable_tribromoethanol,not_reported,normal_tissue,skin,electron,pulsed_electron_beam,single_fraction,pulsed_3.5us_macropulse,20.0,single_fraction,1.0,20.0,300.0,,,3.5,,,0.0667,0.1
Towards Clinical Translation: Establishing Optimal Dose and Dose-Rate Parameters for the FLASH Skin-Sparing Effect,Shen_2025_F9,1,mouse,male,injectable_tribromoethanol,not_reported,normal_tissue,skin,electron,pulsed_electron_beam,single_fraction,pulsed_3.5us_macropulse,20.0,single_fraction,1.0,20.0,400.0,,,3.5,,,0.05,0.1
Towards Clinical Translation: Establishing Optimal Dose and Dose-Rate Parameters for the FLASH Skin-Sparing Effect,Shen_2025_F10,1,mouse,male,injectable_tribromoethanol,not_reported,tumor,skin,electron,pulsed_electron_beam,single_fraction,pulsed_3.5us_macropulse,20.0,single_fraction,1.0,20.0,300.0,,,3.5,,,0.0667,0.1
Towards Clinical Translation: Establishing Optimal Dose and Dose-Rate Parameters for the FLASH Skin-Sparing Effect,Shen_2025_F11,1,mouse,male,injectable_tribromoethanol,not_reported,tumor,skin,electron,pulsed_electron_beam,single_fraction,pulsed_3.5us_macropulse,20.0,single_fraction,1.0,20.0,400.0,,,3.5,,,0.05,0.1
Ultra-high-dose-rate FLASH and Conventional-Dose-Rate Irradiation Differentially Affect Human Acute Lymphoblastic Leukemia and Normal Hematopoiesis,CanteBarrett_2021_M106_primary_BRgc_TALL,0,mouse,not_reported,not_reported,normoxia_ambient,tumor_leukemia,immune,electron,pulsed_electron_TBI,TBI_single_fraction,pulsed,4.0,single_fraction,1.0,4.0,200.0,740000.0,100.0,1.8,3.0,1.3333,0.02,0.072
Ultra-high-dose-rate FLASH and Conventional-Dose-Rate Irradiation Differentially Affect Human Acute Lymphoblastic Leukemia and Normal Hematopoiesis,CanteBarrett_2021_M106_secondary_transplant,0,mouse,not_reported,not_reported,normoxia_ambient,tumor_leukemia,immune,electron,pulsed_electron_TBI,TBI_single_fraction,pulsed,4.0,single_fraction,1.0,4.0,200.0,740000.0,100.0,1.8,3.0,1.3333,0.02,0.072
Ultra-high-dose-rate FLASH and Conventional-Dose-Rate Irradiation Differentially Affect Human Acute Lymphoblastic Leukemia and Normal Hematopoiesis,CanteBarrett_2021_M114_TALL,0,mouse,not_reported,not_reported,normoxia_ambient,tumor_leukemia,immune,electron,pulsed_electron_TBI,TBI_single_fraction,pulsed,4.0,single_fraction,1.0,4.0,200.0,740000.0,100.0,1.8,3.0,1.3333,0.02,0.072
Ultra-high-dose-rate FLASH and Conventional-Dose-Rate Irradiation Differentially Affect Human Acute Lymphoblastic Leukemia and Normal Hematopoiesis,CanteBarrett_2021_M108_TALL_CONV_sensitive,0,mouse,not_reported,not_reported,normoxia_ambient,tumor_leukemia,immune,electron,pulsed_electron_TBI,TBI_single_fraction,pulsed,4.0,single_fraction,1.0,4.0,200.0,740000.0,100.0,1.8,3.0,1.3333,0.02,0.072
Ultra-high-dose-rate FLASH and Conventional-Dose-Rate Irradiation Differentially Affect Human Acute Lymphoblastic Leukemia and Normal Hematopoiesis,CanteBarrett_2021_Human_CD34_primary_NSG,0,mouse,not_reported,not_reported,normoxia_ambient,normal_hematopoiesis,immune,electron,pulsed_electron_TBI,TBI_single_fraction,pulsed,4.0,single_fraction,1.0,4.0,200.0,740000.0,100.0,1.8,3.0,1.3333,0.02,0.072
Ultra-high-dose-rate FLASH and Conventional-Dose-Rate Irradiation Differentially Affect Human Acute Lymphoblastic Leukemia and Normal Hematopoiesis,CanteBarrett_2021_Human_CD34_secondary_reconstitution,1,mouse,not_reported,not_reported,normoxia_ambient,normal_hematopoiesis,immune,electron,pulsed_electron_TBI,TBI_single_fraction,pulsed,4.0,single_fraction,1.0,4.0,200.0,740000.0,100.0,1.8,3.0,1.3333,0.02,0.072
Ultra-high-dose-rate FLASH and Conventional-Dose-Rate Irradiation Differentially Affect Human Acute Lymphoblastic Leukemia and Normal Hematopoiesis,CanteBarrett_2021_Mixed_CD34_M106,0,mouse,not_reported,not_reported,normoxia_ambient,mixed_tumor_and_normal_hematopoiesis,immune,electron,pulsed_electron_TBI,TBI_single_fraction,pulsed,4.0,single_fraction,1.0,4.0,200.0,740000.0,100.0,1.8,3.0,1.3333,0.02,0.072
FLASH or flare: variable intestinal toxicity results in a mouse model following proton pencil beam scanning irradiation on a clinical superconducting synchrocyclotron,Bogaerts_2025_intestine_FLASH_13.5Gy_1fx,0,mouse,female,isoflurane,normoxia_ambient,normal_GI,GI_crypt,proton,proton_PBS_FLASH,pulsed,pulsed,13.5,single_fraction,1.0,13.5,,,1000.0,7.0,,,,0.5
FLASH or flare: variable intestinal toxicity results in a mouse model following proton pencil beam scanning irradiation on a clinical superconducting synchrocyclotron,Bogaerts_2025_intestine_FLASH_14.5Gy_1fx,1,mouse,female,isoflurane,normoxia_ambient,normal_GI,GI_crypt,proton,proton_PBS_FLASH,pulsed,pulsed,14.5,single_fraction,1.0,14.5,66.0,,1000.0,7.0,220.0,,0.22,0.5
FLASH or flare: variable intestinal toxicity results in a mouse model following proton pencil beam scanning irradiation on a clinical superconducting synchrocyclotron,Bogaerts_2025_intestine_FLASH_15.5Gy_1fx_LD50arm,0,mouse,female,isoflurane,normoxia_ambient,normal_GI,GI_crypt,proton,proton_PBS_FLASH,pulsed,pulsed,15.5,single_fraction,1.0,15.5,,,1000.0,7.0,,,,0.5
FLASH Radiotherapy Mitigates Radiation-Induced Lymphopenia and Prevents Immunosuppression via Chk1-STAT3 Axis Modulation in a Preclinical Thoracic Irradiation Model,Tao_2025_thorax_FLASH_17Gy_1fx_single,1,mouse,female,isoflurane,normoxia_ambient,normal_thorax_lung_immune,lung,electron,electron_FLASH,pulsed,pulsed,17.0,single_fraction,1.0,17.0,340.0,1400000.0,120.0,1.9,7.0,2.429,0.05,
FLASH Radiotherapy Mitigates Radiation-Induced Lymphopenia and Prevents Immunosuppression via Chk1-STAT3 Axis Modulation in a Preclinical Thoracic Irradiation Model,Tao_2025_thorax_FLASH_2Gyx5fx_fractionated,1,mouse,female,isoflurane,normoxia_ambient,normal_thorax_lung_immune,lung,electron,electron_FLASH,pulsed,pulsed,10.0,multi-day_fractionated,5.0,2.0,1400000.0,1400000.0,700000.0,1.4285714285714286,1.0,2.0,1.4e-06,
Dose- and Volume-Limiting Late Toxicity of FLASH Radiotherapy in Cats with Squamous Cell Carcinoma of the Nasal Planum and in Mini Pigs,cat_nasal_planum_SCC_FLASH_vs_CONV,0,,,inhaled_unspecified,normoxia_ambient,mixed,skin,electron,electron_beam,,,30.0,single_fraction,1.0,30.0,1500.0,6300000.0,150.0,1.5873015873015872,3.0,10.0,0.02,0.1
FLASH Proton Radiotherapy Spares Normal Epithelial and Mesenchymal Tissues While Preserving Sarcoma Response,Velalopoulou_2021_F6,1,dog,mixed,other_or_unspecified,not_reported,other,skin,proton,proton_double_scattered,single_fraction,pulsed,8.0,single_fraction,1.0,8.0,,,,,,,,0.5
FLASH Proton Radiotherapy Spares Normal Epithelial and Mesenchymal Tissues While Preserving Sarcoma Response,Velalopoulou_2021_F7,1,dog,mixed,other_or_unspecified,not_reported,other,skin,proton,proton_double_scattered,single_fraction,pulsed,12.0,single_fraction,1.0,12.0,,,,,,,,0.5
The Advantage of FLASH Radiotherapy Confirmed in Mini-pig and Cat-cancer Patients,Pig_FLASH_22Gy,0,mini-pig,female,general,normoxia_ambient,normal_tissue,skin,electron,pulsed_electron_beam,pulsed,not_reported,22.0,single_fraction,1.0,22.0,300.0,,,,,,0.0733333333333333,
The Advantage of FLASH Radiotherapy Confirmed in Mini-pig and Cat-cancer Patients,Pig_FLASH_25Gy,0,mini-pig,female,general,normoxia_ambient,normal_tissue,skin,electron,pulsed_electron_beam,pulsed,not_reported,25.0,single_fraction,1.0,25.0,300.0,,,,,,0.0833333333333333,
The Advantage of FLASH Radiotherapy Confirmed in Mini-pig and Cat-cancer Patients,Pig_FLASH_28Gy,1,mini-pig,female,general,normoxia_ambient,normal_tissue,skin,electron,pulsed_electron_beam,pulsed,not_reported,28.0,single_fraction,1.0,28.0,300.0,,,,,,0.0933333333333333,
The Advantage of FLASH Radiotherapy Confirmed in Mini-pig and Cat-cancer Patients,Pig_FLASH_31Gy,1,mini-pig,female,general,normoxia_ambient,normal_tissue,skin,electron,pulsed_electron_beam,pulsed,not_reported,31.0,single_fraction,1.0,31.0,300.0,,,,,,0.1033333333333333,
The Advantage of FLASH Radiotherapy Confirmed in Mini-pig and Cat-cancer Patients,Pig_FLASH_34Gy,1,mini-pig,female,general,normoxia_ambient,normal_tissue,skin,electron,pulsed_electron_beam,pulsed,not_reported,34.0,single_fraction,1.0,34.0,300.0,,,,,,0.1133333333333333,
The Advantage of FLASH Radiotherapy Confirmed in Mini-pig and Cat-cancer Patients,Cat_FLASH_25Gy,1,cat,not_reported_per_arm,general,normoxia_ambient,tumor,skin,electron,pulsed_electron_beam,pulsed,not_reported,25.0,single_fraction,1.0,25.0,,,,,,,,
The Advantage of FLASH Radiotherapy Confirmed in Mini-pig and Cat-cancer Patients,Cat_FLASH_27Gy,1,cat,not_reported_per_arm,general,normoxia_ambient,tumor,skin,electron,pulsed_electron_beam,pulsed,not_reported,27.0,single_fraction,1.0,27.0,,,,,,,,
The Advantage of FLASH Radiotherapy Confirmed in Mini-pig and Cat-cancer Patients,Cat_FLASH_28Gy,1,cat,not_reported_per_arm,general,normoxia_ambient,tumor,skin,electron,pulsed_electron_beam,pulsed,not_reported,28.0,single_fraction,1.0,28.0,,,,,,,,
The Advantage of FLASH Radiotherapy Confirmed in Mini-pig and Cat-cancer Patients,Cat_FLASH_31Gy,1,cat,not_reported_per_arm,general,normoxia_ambient,tumor,skin,electron,pulsed_electron_beam,pulsed,not_reported,31.0,single_fraction,1.0,31.0,,,,,,,,
The Advantage of FLASH Radiotherapy Confirmed in Mini-pig and Cat-cancer Patients,Cat_FLASH_34Gy,1,cat,not_reported_per_arm,general,normoxia_ambient,tumor,skin,electron,pulsed_electron_beam,pulsed,not_reported,34.0,single_fraction,1.0,34.0,,,,,,,,
The Advantage of FLASH Radiotherapy Confirmed in Mini-pig and Cat-cancer Patients,Cat_FLASH_41Gy,1,cat,not_reported_per_arm,general,normoxia_ambient,tumor,skin,electron,pulsed_electron_beam,pulsed,not_reported,41.0,single_fraction,1.0,41.0,,,,,,,,
Irradiation at Ultra-High (FLASH) Dose Rates Reduces Acute Normal Tissue Toxicity in the Mouse Gastrointestinal System,GI_Ruan_2021_7p5Gy_single_pulse_FLASH_vs_CONV,1,mouse,female,isoflurane,normoxia_ambient,normal_tissue,GI_crypt,electron,electron_beam,pulsed_electron,pulsed,7.5,single_fraction,1.0,7.5,3300000.0,,25.0,,1.0,7.5,2.3e-06,0.25
Irradiation at Ultra-High (FLASH) Dose Rates Reduces Acute Normal Tissue Toxicity in the Mouse Gastrointestinal System,GI_Ruan_2021_10Gy_single_pulse_FLASH_vs_CONV,1,mouse,female,isoflurane,normoxia_ambient,normal_tissue,GI_crypt,electron,electron_beam,pulsed_electron,pulsed,10.0,single_fraction,1.0,10.0,3300000.0,,25.0,,1.0,10.0,3e-06,0.25
Irradiation at Ultra-High (FLASH) Dose Rates Reduces Acute Normal Tissue Toxicity in the Mouse Gastrointestinal System,GI_Ruan_2021_12p5Gy_single_pulse_FLASH_vs_CONV,1,mouse,female,isoflurane,normoxia_ambient,normal_tissue,GI_crypt,electron,electron_beam,pulsed_electron,pulsed,12.5,single_fraction,1.0,12.5,3300000.0,,25.0,,1.0,12.5,3.8e-06,0.25
Irradiation at Ultra-High (FLASH) Dose Rates Reduces Acute Normal Tissue Toxicity in the Mouse Gastrointestinal System,GI_Ruan_2021_11p2Gy_single_pulse,1,mouse,female,isoflurane,normoxia_ambient,normal_tissue,GI_crypt,electron,electron_beam,pulsed_electron,pulsed,11.2,single_fraction,1.0,11.2,3300000.0,,25.0,,1.0,11.2,3.4e-06,0.25
Irradiation at Ultra-High (FLASH) Dose Rates Reduces Acute Normal Tissue Toxicity in the Mouse Gastrointestinal System,GI_Ruan_2021_11p2Gy_2pulses_short_interval,1,mouse,female,isoflurane,normoxia_ambient,normal_tissue,GI_crypt,electron,electron_beam,pulsed_electron,pulsed,11.2,single_fraction,1.0,11.2,3400.0,,25.0,,2.0,5.6,0.0032941176470588,0.25
Irradiation at Ultra-High (FLASH) Dose Rates Reduces Acute Normal Tissue Toxicity in the Mouse Gastrointestinal System,GI_Ruan_2021_11p2Gy_5pulses_280Gy_s,1,mouse,female,isoflurane,normoxia_ambient,normal_tissue,GI_crypt,electron,electron_beam,pulsed_electron,pulsed,11.2,single_fraction,1.0,11.2,280.0,,25.0,,5.0,2.24,0.04,0.25
Irradiation at Ultra-High (FLASH) Dose Rates Reduces Acute Normal Tissue Toxicity in the Mouse Gastrointestinal System,GI_Ruan_2021_11p2Gy_30pulses_39Gy_s,0,mouse,female,isoflurane,normoxia_ambient,normal_tissue,GI_crypt,electron,electron_beam,pulsed_electron,pulsed,11.2,single_fraction,1.0,11.2,39.0,,25.0,,30.0,0.37,0.29,0.25
Irradiation at Ultra-High (FLASH) Dose Rates Reduces Acute Normal Tissue Toxicity in the Mouse Gastrointestinal System,GI_Ruan_2021_11p2Gy_100pulses_11Gy_s,0,mouse,female,isoflurane,normoxia_ambient,normal_tissue,GI_crypt,electron,electron_beam,pulsed_electron,pulsed,11.2,single_fraction,1.0,11.2,11.0,,25.0,,100.0,0.112,1.0,0.25
Irradiation at Ultra-High (FLASH) Dose Rates Reduces Acute Normal Tissue Toxicity in the Mouse Gastrointestinal System,GI_Ruan_2021_11p2Gy_300pulses_3p7Gy_s,0,mouse,female,isoflurane,normoxia_ambient,normal_tissue,GI_crypt,electron,electron_beam,pulsed_electron,pulsed,11.2,single_fraction,1.0,11.2,3.7,,25.0,,300.0,0.037,3.0,0.25
Irradiation at Ultra-High (FLASH) Dose Rates Reduces Acute Normal Tissue Toxicity in the Mouse Gastrointestinal System,GI_Ruan_2021_12p5Gy_old_mice_single_pulse,1,mouse,female,isoflurane,normoxia_ambient,normal_tissue,GI_crypt,electron,electron_beam,pulsed_electron,pulsed,12.5,single_fraction,1.0,12.5,3700000.0,,25.0,,1.0,12.5,3.3783783783783783e-06,0.25
Irradiation at Ultra-High (FLASH) Dose Rates Reduces Acute Normal Tissue Toxicity in the Mouse Gastrointestinal System,GI_Ruan_2021_12p5Gy_old_mice_2pulses_short_interval,1,mouse,female,isoflurane,normoxia_ambient,normal_tissue,GI_crypt,electron,electron_beam,pulsed_electron,pulsed,12.5,single_fraction,1.0,12.5,3800.0,,25.0,,2.0,6.25,0.0032894736842105,0.25
Irradiation at Ultra-High (FLASH) Dose Rates Reduces Acute Normal Tissue Toxicity in the Mouse Gastrointestinal System,GI_Ruan_2021_12p5Gy_old_mice_5pulses_310Gy_s,1,mouse,female,isoflurane,normoxia_ambient,normal_tissue,GI_crypt,electron,electron_beam,pulsed_electron,pulsed,12.5,single_fraction,1.0,12.5,310.0,,25.0,,5.0,2.5,0.0403225806451612,0.25
Irradiation at Ultra-High (FLASH) Dose Rates Reduces Acute Normal Tissue Toxicity in the Mouse Gastrointestinal System,GI_Ruan_2021_12p5Gy_old_mice_10pulses_140Gy_s,0,mouse,female,isoflurane,normoxia_ambient,normal_tissue,GI_crypt,electron,electron_beam,pulsed_electron,pulsed,12.5,single_fraction,1.0,12.5,140.0,,25.0,,10.0,1.25,0.0892857142857142,0.25
Irradiation at Ultra-High (FLASH) Dose Rates Reduces Acute Normal Tissue Toxicity in the Mouse Gastrointestinal System,GI_Ruan_2021_12p5Gy_old_mice_30pulses_43Gy_s,0,mouse,female,isoflurane,normoxia_ambient,normal_tissue,GI_crypt,electron,electron_beam,pulsed_electron,pulsed,12.5,single_fraction,1.0,12.5,43.0,,25.0,,30.0,0.417,0.2906976744186046,0.25
Irradiation at Ultra-High (FLASH) Dose Rates Reduces Acute Normal Tissue Toxicity in the Mouse Gastrointestinal System,GI_Ruan_2021_12p5Gy_old_mice_100pulses_13Gy_s,0,mouse,female,isoflurane,normoxia_ambient,normal_tissue,GI_crypt,electron,electron_beam,pulsed_electron,pulsed,12.5,single_fraction,1.0,12.5,13.0,,25.0,,100.0,0.125,0.9615384615384616,0.25
Irradiation at Ultra-High (FLASH) Dose Rates Reduces Acute Normal Tissue Toxicity in the Mouse Gastrointestinal System,GI_Ruan_2021_12p5Gy_old_mice_300pulses_4p2Gy_s,0,mouse,female,isoflurane,normoxia_ambient,normal_tissue,GI_crypt,electron,electron_beam,pulsed_electron,pulsed,12.5,single_fraction,1.0,12.5,4.2,,25.0,,300.0,0.042,2.9761904761904763,0.25
Irradiation in a flash: Unique sparing of memory in mice after whole brain irradiation with dose rates above 100 Gy/s,MontayGruel_2017_DR20,0,mouse,female,unknown,normoxia_ambient,normal_tissue,neuro,electron,electron_beam,pulsed_electron,pulsed,10.0,single_fraction,1.0,10.0,20.0,55555.6,100.0,1.8,100.0,0.1,1.0,0.1
Pencil beam scanning proton FLASH maintains tumor control while normal tissue damage is reduced in a mouse model,Sorensen_2022_PBSproton_AcuteSkin_FLASH_vs_CONV,1,mouse,female,none,normoxia_ambient,tumor_and_normal_tissue,skin,proton,proton_PBS,pencil_beam_scanning,not_reported,,single_fraction,1.0,variable_dose_response_study,83.0,214.0,,,,,,0.38
Pencil beam scanning proton FLASH maintains tumor control while normal tissue damage is reduced in a mouse model,Sorensen_2022_PBSproton_LateFibrosis_FLASH_vs_CONV,1,mouse,female,none,normoxia_ambient,tumor_and_normal_tissue,skin,proton,proton_PBS,pencil_beam_scanning,not_reported,,single_fraction,1.0,variable_dose_response_study,83.0,214.0,,,,,,0.38
"FLASH with carbon ions: Tumor control, normal tissue sparing, and distal metastasis in a mouse osteosarcoma model",Tinganelli_2022_NormalTissue_MuscleDamage_FLASH_vs_CONV,1,mouse,female,unknown,not_reported,mixed,(blank),heavy_ion,carbon_ion_raster_scanned,raster_scanning,single_spill,15.0,single_fraction,1.0,15.0,100.0,,,,,,0.15,0.1
"FLASH with carbon ions: Tumor control, normal tissue sparing, and distal metastasis in a mouse osteosarcoma model",Tinganelli_2022_LungMetastasis_FLASH_vs_CONV,1,mouse,female,unknown,not_reported,tumor,(blank),heavy_ion,carbon_ion_raster_scanned,raster_scanning,single_spill,15.0,single_fraction,1.0,15.0,100.0,,,,,,0.15,0.1
FLASH Bragg-Peak Irradiation With a Therapeutic Carbon Ion Beam: First In Vivo Results,Tinganelli_2025_SkinToxicity_FLASH_vs_CONV,1,mouse,female,isoflurane,normoxia_ambient,mixed,(blank),heavy_ion,carbon_ion_raster_scanned_SOBP,raster_scanning_SOBP,spill_based,20.0,single_fraction,1.0,20.0,100.0,,,,,,0.04,
FLASH Bragg-Peak Irradiation With a Therapeutic Carbon Ion Beam: First In Vivo Results,Tinganelli_2025_TumorControl_FLASH_vs_CONV,1,mouse,female,isoflurane,normoxia_ambient,tumor,(blank),heavy_ion,carbon_ion_raster_scanned_SOBP,raster_scanning_SOBP,spill_based,20.0,single_fraction,1.0,20.0,100.0,,,,,,0.04,
FLASH Bragg-Peak Irradiation With a Therapeutic Carbon Ion Beam: First In Vivo Results,Tinganelli_2025_LungMetastasis_FLASH_vs_CONV,1,mouse,female,isoflurane,normoxia_ambient,tumor,(blank),heavy_ion,carbon_ion_raster_scanned_SOBP,raster_scanning_SOBP,spill_based,20.0,single_fraction,1.0,20.0,100.0,,,,,,0.04,
Fractionation increasingly reduces FLASH sparing for acute murine skin damage,Kristensen_2025_skin_frac_F1,1,mouse,female,none,normoxia_ambient,normal_tissue,skin,electron,electron_pulsed,single_fraction_electron,pulsed,,single_fraction,1.0,,251.0,280000.0,200.0,4.0,,1.13,,0.16
Fractionation increasingly reduces FLASH sparing for acute murine skin damage,Kristensen_2025_skin_frac_F4,1,mouse,female,none,normoxia_ambient,normal_tissue,skin,electron,electron_pulsed,single_fraction_electron,pulsed,,multi-day_fractionated,4.0,,251.0,280000.0,200.0,4.0,,1.13,,0.16
Fractionation increasingly reduces FLASH sparing for acute murine skin damage,Kristensen_2025_skin_frac_F8,1,mouse,female,none,normoxia_ambient,normal_tissue,skin,electron,electron_pulsed,single_fraction_electron,pulsed,,multi-day_fractionated,8.0,,251.0,280000.0,200.0,4.0,,1.13,,0.16
The sparing effect of FLASH-RT on synaptic plasticity is maintained in mice with standard fractionation,Limoli_2023_WBI_FLASH_10x3Gy_hippocampus_LTP,1,mouse,female,isoflurane,not_reported,normal_tissue,neuro,electron,electron_beam,fractionated,pulsed,30.0,multi-day_fractionated,10.0,3.0,1600000.0,1600000.0,533333.3333333334,1.8,1.0,3.0,1.8e-06,0.09
The sparing effect of FLASH-RT on synaptic plasticity is maintained in mice with standard fractionation,Limoli_2023_WBI_FLASH_10x3Gy_mPFC_LTP,1,mouse,female,isoflurane,not_reported,normal_tissue,neuro,electron,electron_beam,fractionated,pulsed,30.0,multi-day_fractionated,10.0,3.0,1600000.0,1600000.0,533333.3333333334,1.8,1.0,3.0,1.8e-06,0.09
Ultrahigh dose-rate FLASH irradiation increases the differential response between normal and tumor tissue in mice,Favaudon_2014_Lung_CONV_15Gy_1fx,1,mouse,female,not_reported_for_irradiation,normoxia_ambient,normal_tissue,lung,electron,pulsed_electron_beam,external_beam,short_pulses_total_lt500ms,15.0,single_fraction,1.0,15,200.0,1000000.0,100.0,1.8,8.5,2.0,0.075,0.03
Ultrahigh dose-rate FLASH irradiation increases the differential response between normal and tumor tissue in mice,Favaudon_2014_Lung_CONV_17Gy_1fx,1,mouse,female,not_reported_for_irradiation,normoxia_ambient,normal_tissue,lung,electron,pulsed_electron_beam,external_beam,short_pulses_total_lt500ms,17.0,single_fraction,1.0,17,200.0,1000000.0,100.0,1.8,8.5,2.0,0.085,0.03
Ultrahigh dose-rate FLASH irradiation increases the differential response between normal and tumor tissue in mice,Favaudon_2014_HBCx12A_CONV_17Gy_2fx,1,mouse,female,not_reported_for_irradiation,normoxia_ambient,normal_tissue,lung,electron,pulsed_electron_beam,external_beam,short_pulses_total_lt500ms,17.0,single_fraction,2.0,8.5,200.0,1000000.0,100.0,1.8,8.5,2.0,0.085,0.03
Ultrahigh dose-rate FLASH irradiation increases the differential response between normal and tumor tissue in mice,Favaudon_2014_HEp2_CONV_19p5Gy_1fx,1,mouse,female,not_reported_for_irradiation,normoxia_ambient,normal_tissue,lung,electron,pulsed_electron_beam,external_beam,short_pulses_total_lt500ms,19.5,single_fraction,1.0,19.5,200.0,1000000.0,100.0,1.8,8.5,2.0,0.0975,0.012
Ultrahigh dose-rate FLASH irradiation increases the differential response between normal and tumor tissue in mice,Favaudon_2014_TC1_CONV_13Gy_1fx,1,mouse,female,not_reported_for_irradiation,normoxia_ambient,normal_tissue,lung,electron,pulsed_electron_beam,external_beam,short_pulses_total_lt500ms,13.0,single_fraction,1.0,13,200.0,1000000.0,100.0,1.8,8.5,2.0,0.065,0.03
Ultrahigh dose-rate FLASH irradiation increases the differential response between normal and tumor tissue in mice,Favaudon_2014_TC1_CONV_15Gy_1fx,1,mouse,female,not_reported_for_irradiation,normoxia_ambient,normal_tissue,lung,electron,pulsed_electron_beam,external_beam,short_pulses_total_lt500ms,15.0,single_fraction,1.0,15,200.0,1000000.0,100.0,1.8,8.5,2.0,0.075,0.03
Ultrahigh dose-rate FLASH irradiation increases the differential response between normal and tumor tissue in mice,Favaudon_2014_TC1_FLASH_23Gy_1fx,1,mouse,female,not_reported_for_irradiation,normoxia_ambient,normal_tissue,lung,electron,pulsed_electron_beam,external_beam,short_pulses_total_lt500ms,23.0,single_fraction,1.0,23,200.0,1000000.0,100.0,1.8,8.5,2.0,0.115,0.03
